,id,time,subreddit,title,body,num_comments,score,author
0,u9b7c7,2022-04-22 10:11:57,funnyonlineclasses,Telegram gets new features ahead of new year,,0,1,Fancy_Monitor7411
1,u425y8,2022-04-15 06:57:12,funnyonlineclasses,How to Write a Film Review? - Techytent,,0,1,Fancy_Monitor7411
2,tzxgv7,2022-04-09 17:02:56,funnyonlineclasses,memes i found under my bed,,0,1,Prestige_panda
3,tyj17t,2022-04-07 18:11:37,funnyonlineclasses,How to Write a YouTube Video Script Like a pro 6 Tips,,0,1,Fancy_Monitor7411
4,txrfyx,2022-04-06 17:28:37,funnyonlineclasses,Explain Ethernet Leased Lines and why consider them?,,0,1,Fancy_Monitor7411
5,txnp5k,2022-04-06 14:40:26,funnyonlineclasses,"You Laugh, You DieğŸ’€",,0,1,Prestige_panda
6,twzsgv,2022-04-05 17:09:02,funnyonlineclasses,EIGHT WAYS DATA SCIENCE IS CHANGING THE WORLD WE LIVE IN,,0,1,Fancy_Monitor7411
7,tvv7lw,2022-04-04 06:26:36,funnyonlineclasses,BRUH GUYS I JUST TROLLED MY CLASS IN MY YOUTUBE VIDEO,,0,1,GuavaSignal3495
8,tuonwh,2022-04-02 17:45:01,funnyonlineclasses,How to Use Monitoring App to Track iPhone activity,,0,1,Fancy_Monitor7411
9,tthh9a,2022-04-01 03:45:03,funnyonlineclasses,"Remote control of all touch devices introduced in the US, priced at 35 35",,0,1,Fancy_Monitor7411
10,tifr82,2022-03-20 07:28:21,funnyonlineclasses,Samsung Galaxy Z Fold 4 price in Pakistan,,0,1,Fancy_Monitor7411
11,tidrww,2022-03-20 05:08:06,funnyonlineclasses,OnePlus Nord N20 5G Price in Pakistan,,0,1,Fancy_Monitor7411
12,t6any0,2022-03-04 04:35:14,funnyonlineclasses,How to get an A in an online class?,,0,1,PhantomTutors
13,t1ipcm,2022-02-26 00:13:38,funnyonlineclasses,ğŸ˜‚i Stole Putin's MEMESğŸ˜‚,,0,1,MountainAd5951
14,syglmx,2022-02-22 06:31:32,funnyonlineclasses,i smoked your memes,,0,1,MountainAd5951
15,sxqy7z,2022-02-21 11:02:33,funnyonlineclasses,Best Memes in Town,,0,1,MountainAd5951
16,sw1oeo,2022-02-19 04:43:13,funnyonlineclasses,Jobs lost due to â€˜accidentally unmuted Zoom micsâ€™ is the new casualty of Covid-19 - BonnetBots.com,,0,1,TheBonnetBots
17,sn68fi,2022-02-08 00:46:38,funnyonlineclasses,alp,,0,1,Ok-Appearance7323
18,sfobd4,2022-01-29 18:29:47,funnyonlineclasses,I think this may have been an intentional example of whitespace mis-usage (the example,,0,1,CriticalBlacksmith
19,s2rcbq,2022-01-13 05:14:30,funnyonlineclasses,Cute dog,,0,1,Flat-Welder-8079
20,rwh2fw,2022-01-05 07:23:08,funnyonlineclasses,Funny cats 2022 #shorts,,0,1,savindhi77
21,rvnwhh,2022-01-04 06:38:28,funnyonlineclasses,"Funny dogs 2022 #shorts, part 2",,0,1,savindhi77
22,rv2oj0,2022-01-03 14:17:09,funnyonlineclasses,"Holy crap, I have hands!",,0,1,aninha070991
23,ruvps5,2022-01-03 07:07:36,funnyonlineclasses,Funny dogs 2022 #shorts,,0,1,savindhi77
24,rud6mo,2022-01-02 16:29:03,funnyonlineclasses,Scare Cam ğŸ˜ğŸ‘,,0,1,Training_Substance_7
25,rsj8i1,2021-12-31 02:36:03,funnyonlineclasses,meme stories,,0,1,Major_Spinach659
26,rs35gg,2021-12-30 14:33:00,funnyonlineclasses,The t-shirt has been made of this design today.,,0,1,Emergency-Wasabi5458
27,rrry8n,2021-12-30 04:03:12,funnyonlineclasses,NHR Hit Me Inflated Toy# for Kids,,0,1,AdeptnessRelevant841
28,rpypcd,2021-12-27 22:07:37,funnyonlineclasses,teachers mouth (idfk why i post this but ok),,0,1,NinjaAncient
29,rmnd9t,2021-12-23 04:43:22,funnyonlineclasses,The best venom in any verse #fail #joke #meme #funny #comedy #venom #tik...,,0,1,DetailFresh5598
30,rlr41v,2021-12-21 23:26:41,funnyonlineclasses,Peanut Butter #wait for it #short #meme #funny #comedy #fail #tiktok #tr...,,0,1,DetailFresh5598
31,rik8pa,2021-12-17 15:47:06,funnyonlineclasses,Fog man,,0,1,zadeganlar
32,rbe64o,2021-12-08 00:46:30,funnyonlineclasses,TRY NOT TO LAUGH | FUNNY ANIMALS COMPILATION | Funny Animal Videos 2021 | funny animal well worth checking out,,0,0,camila3567547
33,rbajit,2021-12-07 21:53:29,funnyonlineclasses,why does the girl do so? ğŸ¤”,,0,1,zadeganlar
34,rb3lo6,2021-12-07 17:16:28,funnyonlineclasses,funny videos,,0,1,joseriramir
35,r6bnc5,2021-12-01 10:18:12,funnyonlineclasses,how to get free gems in brawl stars no verification | how to get free ge...,,0,1,Initial-Computer-388
36,r41e4s,2021-11-28 10:26:17,funnyonlineclasses,Ann a little girl learns to sing for the first time she is adorable,,0,1,Far-Air5431
37,qysk3h,2021-11-21 10:50:00,funnyonlineclasses,Coding Classes for Kids,[removed],0,1,acadprim
38,qtnlky,2021-11-14 11:03:57,funnyonlineclasses,WWE Kids,[removed],0,1,Public_Ad5906
39,qtjul0,2021-11-14 06:29:56,funnyonlineclasses,Everest Base Camp Trek,,0,1,HimalayanLocalGuide
40,qtjtcd,2021-11-14 06:27:31,funnyonlineclasses,Everest 3 High Passes trek,,0,1,HimalayanLocalGuide
41,qtjsem,2021-11-14 06:25:51,funnyonlineclasses,Everest Base Camp Trek from Shivalaya,,0,1,HimalayanLocalGuide
42,qtjrog,2021-11-14 06:24:29,funnyonlineclasses,Everest Cho La Pass Trek,,0,1,HimalayanLocalGuide
43,qtjqtv,2021-11-14 06:22:49,funnyonlineclasses,Nar phu Valley Trek,,0,1,HimalayanLocalGuide
44,qtjpfp,2021-11-14 06:20:15,funnyonlineclasses,Nar Phu Valley Via Annapurna Circuit Trek," The â€œ[Nar Phu Valleyâ€ Via â€œAnnapurna Circuit trek](https://www.himalayanlocalguide.com/nar-phu-valley-via-annapurna-circuit-trek)â€ itâ€™s an exciting trip in Annapurna region that pursues to the natural and ground-breaking at the north side of Nepal Himalayas, A charming travel to the untouched and beautiful hidden valley offers thrilling scenery of Annapurna Himalayas, joining high pass Kang-La Pass 5,320m, inaccessible villages of Nar and Phu, narrow hidden valley, cleft, marvelous rock shape, grassland, symbolic, an antique Buddhist monasteries, glacier, flora and fauna and an inimitable local culture and lifestyle their.  


The hidden Valley of Nar phu and Annapurna Circuit trek is one of the best treks in Nepal Himalayas; itâ€™s lying between the two massive trekking routes ACAP and MCAP regions. Our journey will be on foot through passes the delightful local villages passing vibrant Tibetan chortens and Buddhist prayer wall stones into the deep canyons with gorges of the Nar phu and Annapurna. Nar phu Valley trek is one of the pleased hidden resources that will let us get the opportunity to expend the with Nepal mountains villages. Though, this trek provides able to see the golden mountain during the sunrise and sunset.",0,1,HimalayanLocalGuide
45,qtjo2p,2021-11-14 06:17:47,funnyonlineclasses,Manaslu Circuit Trek,,0,1,HimalayanLocalGuide
46,qtjnep,2021-11-14 06:16:32,funnyonlineclasses,Manaslu And Annapurna Circuit Trek,,0,1,HimalayanLocalGuide
47,qtjmfv,2021-11-14 06:14:49,funnyonlineclasses,Manaslu Tsum Valley Trek,,0,1,HimalayanLocalGuide
48,qtjlgq,2021-11-14 06:13:03,funnyonlineclasses,Manaslu Base Camp Trek,,0,1,HimalayanLocalGuide
49,qtjklz,2021-11-14 06:11:28,funnyonlineclasses,Tsum Valley Trek Solo,,0,1,HimalayanLocalGuide
50,qtjjuz,2021-11-14 06:10:04,funnyonlineclasses,Helambu Circuit trek,,0,1,HimalayanLocalGuide
51,qtjj1e,2021-11-14 06:08:34,funnyonlineclasses,Langtang Gosaikunda Trek,,0,1,HimalayanLocalGuide
52,qtjhmx,2021-11-14 06:06:01,funnyonlineclasses,Langtang Valley Trek,,0,1,HimalayanLocalGuide
53,qtjgnt,2021-11-14 06:04:15,funnyonlineclasses,Tamang Heritage Trail Trek,,0,1,HimalayanLocalGuide
54,qtjfj4,2021-11-14 06:02:14,funnyonlineclasses,Gosaikunda Lake Trek,,0,1,HimalayanLocalGuide
55,qtjbta,2021-11-14 05:55:21,funnyonlineclasses,Annapurna Circuit Trek,,0,1,HimalayanLocalGuide
56,qtjag6,2021-11-14 05:52:40,funnyonlineclasses,Annapurna Base Camp Trek,,0,1,HimalayanLocalGuide
57,qtj9qc,2021-11-14 05:51:05,funnyonlineclasses,Khopra Danda Trek,,0,1,HimalayanLocalGuide
58,qtj8ye,2021-11-14 05:49:30,funnyonlineclasses,Mohare Danda Trek,,0,1,HimalayanLocalGuide
59,qtj3kn,2021-11-14 05:39:16,funnyonlineclasses,A glimpse into the mind of a baby at the moment he meets his first puppy. This adorable duo will have the best time together!,,0,1,Born_Theme_9104
60,qszz7u,2021-11-13 12:08:14,funnyonlineclasses,Funny Kids Videos,,0,1,Public_Ad5906
61,qsho0x,2021-11-12 18:35:02,funnyonlineclasses,Funny,,0,1,Apprehensive-One-563
62,qs0dnf,2021-11-12 01:40:07,funnyonlineclasses,Me vs My Parents at Night ğŸŒƒ | PUBG Funny Moments ğŸ˜‚ğŸ˜‚ #shorts #bgminightchill,,1,1,AndroTopPlayZ
63,qrrxw3,2021-11-11 18:43:05,funnyonlineclasses,Get A $50 Roblox Game Card! - Classified Ad,,0,1,Sad_Introduction_848
64,qrp7di,2021-11-11 16:38:59,funnyonlineclasses,Love? or ............,,0,1,Sohel551931
65,qrk5ns,2021-11-11 12:24:11,funnyonlineclasses,Give your child an early start and a chance to become a world-class coder. Join our Coding Classes for Kids from anywhere.. Book a Free Demo Class Now!,,0,1,acadprim
66,qnxetp,2021-11-06 10:16:45,funnyonlineclasses,The Global Online Edutech Platform,[removed],0,1,acadprim
67,qnsnjd,2021-11-06 04:21:17,funnyonlineclasses,Selmon Bhai vs Victor Op,,0,1,AndroTopPlayZ
68,qng286,2021-11-05 17:25:06,funnyonlineclasses,Hahahahahahaaaaaaaaaaaaaaaaaaaaa,,1,1,Low-Personality-6281
69,qbgl8u,2021-10-19 17:38:15,funnyonlineclasses,"the teacher said we were to start poetry + pulled up a poem I made (I'm a published poet) + asked what he was thinking when he wrote it, a peer suggested an answer + I immidatly shout wrong + the teacher gave me a look.I laughed and asked if he had read who wrote the poem his face was priceless",,8,1,ExcellentWall1658
70,q4z7xo,2021-10-10 02:20:36,funnyonlineclasses,i have a dream,"please subscribe, like and share",2,1,igniteyourmind
71,q4z754,2021-10-10 02:19:10,funnyonlineclasses,i have dream,,0,1,igniteyourmind
72,q1cf96,2021-10-04 19:04:43,funnyonlineclasses,MICHAEL BLACKSON gets chased by BAPHOMET GOAT #shorts,,0,1,Rumorhasithiphop
73,q1c9ae,2021-10-04 18:57:33,funnyonlineclasses,FRIENDS like THESE you don't need ENEMIES #shorts,,0,1,Rumorhasithiphop
74,pw3pqa,2021-09-26 22:20:58,funnyonlineclasses,Jeremy Lynch Funniest and Newest TikTok Compilation 2021,,0,1,Different_Heron_4095
75,pt0lay,2021-09-22 05:14:51,funnyonlineclasses,Is the mechanic included?,,0,1,livewallpaperworld
76,pgipku,2021-09-02 14:12:53,funnyonlineclasses,Cockroaches milk is three time nutritious than cow's milk.,,0,1,PirateOriginal5316
77,pg09mp,2021-09-01 18:45:22,funnyonlineclasses,Dog Recorded Best ASMR Video In The World,,0,1,Pure_Performance_373
78,pcqgje,2021-08-27 16:13:24,funnyonlineclasses,Here Is Everything You Need To Know About RFID Tags,[removed],0,1,Difficult_Coffee2361
79,pb3p6g,2021-08-25 04:12:28,funnyonlineclasses,Funny,,0,1,abideenkhan
80,patbwh,2021-08-24 18:36:12,funnyonlineclasses,Here Is Everything You Need To Know About RFID Tags,[removed],0,1,Difficult_Coffee2361
81,pa0kt7,2021-08-23 14:09:10,funnyonlineclasses,Here Is Everything You Need To Know About RFID Tags,[removed],0,1,Difficult_Coffee2361
82,p98u4s,2021-08-22 08:25:24,funnyonlineclasses,We were joking,,0,1,Recent_Ad_9691
83,p60zx9,2021-08-17 10:20:44,funnyonlineclasses,Funny baby ğŸ¤£ğŸ˜ğŸ¤£ğŸ˜ğŸ¤£,,0,1,abideenkhan
84,p3tt6p,2021-08-13 20:47:27,funnyonlineclasses,Are we funny?,"Check out my podcast, Totally Corrupt.  Broadcasting from Tacoma, Wa.  Spotify: 

[https://open.spotify.com/episode/6jG0ZyKhp2hTVwYNgnn64G?si=eOiHKANJSiSf2Br8FWH3Fg&amp;dl\_branch=1](https://open.spotify.com/episode/6jG0ZyKhp2hTVwYNgnn64G?si=eOiHKANJSiSf2Br8FWH3Fg&amp;dl_branch=1)",0,1,reardonmedia
85,ou0wzg,2021-07-29 16:31:57,funnyonlineclasses,Guide To Choosing the right Catalogue Management System For Magento,[removed],0,1,GeneJolly1567
86,osorqn,2021-07-27 15:13:17,funnyonlineclasses,Mobile Computers | Labels and Stickers â€“ Tagsupplier.com,[removed],0,1,Difficult_Coffee2361
87,os2wwd,2021-07-26 16:56:15,funnyonlineclasses,Mobile Computers | Labels and Stickers â€“ Tagsupplier.com,"   


https://preview.redd.it/m7fvrlx28ld71.jpg?width=1920&amp;format=pjpg&amp;auto=webp&amp;s=68db4b90a303382584231f322e15bf8b99604124

In a paper-printed or traditional catalog, the company needs to print separately the information about the product on the leaves of different catalogs for different customers.

If the business needs to highlight one product without revealing the whole content, the company would print flyers for each product. Then the sales reps would travel the long distance to deliver the catalogs to its customers. This method of information sharing can force the business to spend unnecessary extra money in the promotional campaign even before the start of distributing the product itself. The process also consumes time and energy. Besides the discrepancy in managing the products information, it is impossible to edit the catalog when there is a situation of price change in the market. In order to rectify the information, they would reprint the catalogs and physically take them to the customers in the far distance. Such kind of sharing the message on catalog can waste a huge amount of money.

**Share your product on common messaging app using mobile catalog app**

A digital catalog can rationalize the sharing of product information in a business. Save your valuable time and cash for reprinting, updating, and sharing of the catalog. Every business has its strategy to sell a particular product to a targeted group of customers. The company would prepare separate catalogs for a particular group of customers to sell them the products.

Assume that you are selling a variety of products and you discovered that some customers in the Region X have a huge demand for Product A. However, they are not interested in other items from the same brand, so you decided to share the information about Product A with these customers.

Here, the best medium of sharing the information of the specific product is the common messaging application. Web and mobile catalog app Catalog Bar is a dynamic portal with which you can update any product information and instantly share with multiple users on any messenger app. In this [***mobile sales app***](https://tagsupplier.com/), you can choose a particular product and touch the share icon on your mobile phone. Then you can select individuals from your contact list and instantly send them the information.

In this method, the person who is receiving the message can view the specific product information without accessing the catalog app.

Visit here : [**HTTPS://TAGSUPPLIER.COM/**](https://tagsupplier.com/)

Mobile Computers

Labels and Stickers

Sticker/Label Printers

Software

NFC Tags

RFID Tags",0,1,Difficult_Coffee2361
88,oq6i52,2021-07-23 16:54:10,funnyonlineclasses,How can Catalog Bar assist in sharing product details with customers?,[removed],0,1,GeneJolly1567
89,opd0ea,2021-07-22 12:40:19,funnyonlineclasses,Proof That PRODUCT CATALOGUE SOFTWARE Really Works,[removed],0,1,GeneJolly1567
90,olzngf,2021-07-17 07:24:24,funnyonlineclasses,Farting in Public PRANK ğŸ’ƒğŸ’¨ Best of Just For Laughs AWESOME REACTIONS,,0,1,Quyosh125
91,ok0nq6,2021-07-14 09:19:33,funnyonlineclasses,NÃªn Du Há»c HÃ n Quá»‘c Hay Nháº­t Báº£n?,"Nhiá»u báº¡n váº«n cÃ²n bÄƒn khoÄƒn [nÃªn Ä‘i du há»c HÃ n Quá»‘c hay Nháº­t Báº£n](https://duhocsunny.edu.vn/nen-di-du-hoc-han-quoc-hay-nhat-ban-trung-quoc/)? KhÃ´ng biáº¿t Ä‘i du há»c nÆ°á»›c nÃ o thÃ¬ cÃ³ lá»£i hÆ¡n so vá»›i mÃ¬nh.  Sau Ä‘Ã¢y mÃ¬nh sáº½ Ä‘Æ°a ra nhá»¯ng Ä‘iá»u kiá»‡n vÃ  chi phÃ­ du há»c vÃ  ná»n vÄƒn hÃ³a cá»§a hai nÆ°á»›c Ä‘á»ƒ cÃ¡c báº¡n tham kháº£o.

# Du há»c HÃ n Quá»‘c

Khi tÃ¬m hiá»ƒu vá» du há»c HÃ n Quá»‘c, cÃ¡c báº¡n thÆ°á»ng Ä‘áº·t ra 1001 cÃ¢u há»i vÃ¬ sao nhÆ°: Du há»c HÃ n Quá»‘c cÃ³ tá»‘t khÃ´ng? Du há»c HÃ n Quá»‘c nÃªn hay khÃ´ng? Äi du há»c HÃ n Quá»‘c cÃ³ dá»… khÃ´ng? Äi du há»c HÃ n Quá»‘c háº¿t bao nhiÃªu tiá»n? Äiá»u kiá»‡n Ä‘á»ƒ Ä‘i du há»c HÃ n Quá»‘c?

**Ná»n giÃ¡o dá»¥c HÃ n Quá»‘c**

HÃ n Quá»‘c luÃ´n náº±m trong top nhá»¯ng quá»‘c gia cÃ³ káº¿t quáº£ há»c táº­p cao nháº¥t tháº¿ giá»›i vá»›i ná»n giÃ¡o dá»¥c phÃ¡t triá»ƒn báº­c nháº¥t, cháº¥t lÆ°á»£ng giáº£ng dáº¡y tá»‘t, báº±ng cáº¥p Ä‘Æ°á»£c cÃ´ng nháº­n rá»™ng rÃ£i trÃªn toÃ n tháº¿ giá»›i. VÃ¬ váº­y HÃ n Quá»‘c Ä‘ang lÃ  gá»£i Ã½ lÃ½ tÆ°á»Ÿng khi báº¡n khÃ´ng biáº¿t nÃªn Ä‘i du há»c á»Ÿ Ä‘Ã¢u lÃ  tá»‘t nháº¥t.

CÃ¡c trÆ°á»ng Ä‘áº¡i há»c luÃ´n cÃ³ sá»± Ä‘a dáº¡ng vá» há»‡ Ä‘Ã o táº¡o (Äáº¡i há»c, Tháº¡c sÄ©, Tiáº¿n sÄ©) vÃ  ngÃ nh nghá» Ä‘Ã o táº¡o (truyá»n thÃ´ng, kinh táº¿, cÃ´ng nghá»‡ thÃ´ng tin, lÃ m Ä‘áº¹p, du lá»‹ch khÃ¡ch sáº¡n,â€¦)

**Äiá»u kiá»‡n du há»c HÃ n Quá»‘c**

\+ Äá»™ tuá»•i:

* Du há»c tiáº¿ng/ Ä‘áº¡i há»c: 18 â€“ 25
* Du há»c sau Ä‘áº¡i há»c: khÃ´ng quÃ¡ 35

\+ Sá»©c khá»e: CÃ³ sá»©c khá»e tá»‘t, khÃ´ng máº¯c bá»‡nh lao phá»•i vÃ  cÃ¡c bá»‡nh truyá»n nhiá»…m khÃ¡c.

\+ Há»c váº¥n:

* Du há»c tiáº¿ng/ Ä‘áº¡i há»c: Tá»‘t nghiá»‡p THPT, Ä‘iá»ƒm GPA tá»‘i thiá»ƒu 6.5 vÃ  cÃ³ chá»©ng chá»‰ Topik 4 trá»Ÿ lÃªn (du há»c tiáº¿ng khÃ´ng yÃªu cáº§u Topik).
* Du há»c sau Ä‘áº¡i há»c: Äiá»ƒm GPA tá»‘i thiá»ƒu 7.0 vÃ  cÃ³ chá»©ng chá»‰ Topik 4 trá»Ÿ lÃªn.

\+ TÃ i chÃ­nh

* NgÆ°á»i báº£o lÃ£nh cÃ³ cÃ´ng viá»‡c á»•n Ä‘á»‹nh, má»©c thu nháº­p cao, tá»« 30 triá»‡u VND/ thÃ¡ng.
* Du há»c tiáº¿ng/ Ä‘áº¡i há»c: Sá»• tiáº¿t kiá»‡m tá»‘i thiá»ƒu 10.000 USD gá»­i táº¡i ngÃ¢n hÃ ng Ã­t nháº¥t 6 thÃ¡ng trÆ°á»›c khi ná»™p há»“ sÆ¡.
* Du há»c sau Ä‘áº¡i há»c: Sá»• tiáº¿t kiá»‡m tá»‘i thiá»ƒu 2000 USD gá»­i táº¡i ngÃ¢n hÃ ng Ã­t nháº¥t 3 thÃ¡ng trÆ°á»›c khi ná»™p há»“ sÆ¡.

**Tá»•ng chi phÃ­ du há»c HÃ n Quá»‘c lÃ  bao nhiÃªu? (VNÄ)**

Chi phÃ­ lÃ  má»™t trong nhá»¯ng yáº¿u tá»‘ quan trá»ng Ä‘á»ƒ nhiá»u báº¡n xem xÃ©t, cÃ¢n nháº¯c xem cÃ³ nÃªn Ä‘i du há»c HÃ n Quá»‘c khÃ´ng. DÆ°á»›i Ä‘Ã¢y lÃ  má»™t sá»‘ khoáº£n chi phÃ­ mÃ  báº¡n cáº§n pháº£i biáº¿t:

* Há»c vÃ  thi chá»©ng chá»‰ tiáº¿ng HÃ n: 5 â€“ &gt;10 triá»‡u
* LÃ m há»“ sÆ¡: 35 â€“ 45 triá»‡u
* Chá»©ng minh tÃ i chÃ­nh: 0 â€“ 15 triá»‡u
* KhÃ¡m sá»©c khá»e: 1 triá»‡u
* Há»c phÃ­ má»™t nÄƒm: 85 â€“ 200 triá»‡u
* PhÃ­ Ä‘Äƒng kÃ½ (trá»« du há»c tiáº¿ng): 2 â€“ 3 triá»‡u
* PhÃ­ nháº­p há»c: 1 â€“ 20 triá»‡u
* Báº£o hiá»ƒm y táº¿: 3 â€“ 5 triá»‡u
* VÃ© mÃ¡y bay vÃ  di chuyá»ƒn : 5 â€“ 12 triá»‡u
* Tiá»n á»Ÿ (kÃ½ tÃºc xÃ¡/ thuÃª nhÃ  trá») trong 1 thÃ¡ng: 2 â€“ 8 triá»‡u
* Tiá»n Äƒn vÃ  cÃ¡c sinh hoáº¡t phÃ­ khÃ¡c trong 1 thÃ¡ng: 4 â€“ 10 triá»‡u

**=&gt; Tá»•ng: 180 â€“ 300 triá»‡u**

## Du há»c Nháº­t Báº£n

**Ná»n giÃ¡o dá»¥c Nháº­t Báº£n**

Táº¡i Nháº­t Báº£n, 99% ngÆ°á»i dÃ¢n biáº¿t chá»¯, hÆ¡n 70% dÃ¢n sá»‘ theo há»c lÃªn Ä‘áº¿n báº­c Ä‘áº¡i há»c, cao Ä‘áº³ng vÃ  trung cáº¥p. ÄÃ¢y lÃ  má»™t con sá»‘ ráº¥t Ä‘Ã¡ng ngÆ°á»¡ng má»™ pháº£i khÃ´ng nÃ o?

Ná»n giÃ¡o dá»¥c cá»§a Nháº­t ngÃ y cÃ ng phÃ¡t triá»ƒn vÃ  Ä‘Ã¢y chÃ­nh lÃ  lÃ½ do mÃ  ngÃ y cÃ ng cÃ³ nhiá»u báº¡n lá»±a chá»n du há»c táº¡i Nháº­t Báº£n. Quá»‘c gia nÃ y sá»Ÿ há»¯u nhá»¯ng trÆ°á»ng Ä‘áº¡i há»c tá»‘t nháº¥t, trong Ä‘Ã³ cÃ³ 5 trÆ°á»ng lá»t top 100 trÆ°á»ng Ä‘áº¡i há»c xuáº¥t sáº¯c nháº¥t tháº¿ giá»›i (Báº£ng xáº¿p háº¡ng QS 2015 â€“ 2016). Vá»›i cÃ¡c khÃ³a Ä‘Ã o táº¡o Ä‘a dáº¡ng dÃ nh cho sinh viÃªn quá»‘c táº¿ cÃ¹ng cam káº¿t cÆ¡ há»™i viá»‡c lÃ m sau khi tá»‘t nghiá»‡p Ä‘Ã£ thu hÃºt thÃªm ráº¥t nhiá»u sinh viÃªn nÆ°á»›c ngoÃ i.

Tuy nhiÃªn, giÃ¡o dá»¥c á»Ÿ Nháº­t Báº£n cÃ³ tÃ­nh cáº¡nh tranh ráº¥t cao, táº¡o Ã¡p lá»±c lá»›n cho há»c sinh, sinh viÃªn.

**Äiá»u kiá»‡n du há»c Nháº­t Báº£n**

\+ Äá»™ tuá»•i:

* Du há»c tiáº¿ng/ Ä‘áº¡i há»c: 18 â€“ 30
* Du há»c sau Ä‘áº¡i há»c: Ä‘á»§ 22 tuá»•i

\+ Sá»©c khá»e: CÃ³ sá»©c khá»e tá»‘t, khÃ´ng máº¯c bá»‡nh truyá»n nhiá»…m.

\+ Há»c váº¥n:

* Du há»c tiáº¿ng/ Ä‘áº¡i há»c: Tá»‘t nghiá»‡p THPT, Ä‘iá»ƒm GPA tá»‘i thiá»ƒu 6.0 vÃ  cÃ³ chá»©ng chá»‰ N3 trá»Ÿ lÃªn (du há»c tiáº¿ng khÃ´ng yÃªu cáº§u chá»©ng chá»‰ tiáº¿ng Nháº­t Báº£n).
* Du há»c sau Ä‘áº¡i há»c: CÃ³ chá»©ng chá»‰ N3/ N2 hoáº·c IELTS 7.0, hoáº·c TOEFL iBT 90 trá»Ÿ lÃªn.

\+ TÃ i chÃ­nh

* NgÆ°á»i báº£o lÃ£nh cÃ³ cÃ´ng viá»‡c á»•n Ä‘á»‹nh, má»©c thu nháº­p cao, tá»« 30 triá»‡u VND/ thÃ¡ng.
* Sá»• tiáº¿t kiá»‡m tá»‘i thiá»ƒu 500.000.000 VNÄ gá»­i táº¡i ngÃ¢n hÃ ng Ã­t nháº¥t 6 thÃ¡ng trÆ°á»›c khi ná»™p há»“ sÆ¡.

**Chi phÃ­ du há»c Nháº­t Báº£n (VNÄ)**

Nhiá»u báº¡n Ä‘áº·t ra cÃ¢u há»i lÃ  Ä‘i du há»c Nháº­t Báº£n cÃ³ tá»‘t khÃ´ng. Tá»‘t thÃ¬ cÃ³ tá»‘t tháº­t Ä‘áº¥y, Ä‘iá»u nÃ y chÃºng ta khÃ´ng thá»ƒ phá»§ nháº­n nhÆ°ng báº¡n cáº§n cÃ¢n nháº¯c yáº¿u tá»‘ nÃ y vá»›i kháº£ nÄƒng tÃ i chÃ­nh cá»§a báº£n thÃ¢n mÃ¬nh ná»¯a nhÃ©! SÆ¡ lÆ°á»£c chi phÃ­ du há»c Nháº­t Báº£n nhÆ° sau:

* Há»c vÃ  thi chá»©ng chá»‰ tiáº¿ng Nháº­t: 5 â€“ &gt;10 triá»‡u
* LÃ m há»“ sÆ¡: 35 â€“ 45 triá»‡u
* Chá»©ng minh tÃ i chÃ­nh: 0 â€“ 15 triá»‡u
* Há»c phÃ­ du há»c Nháº­t Báº£n: 120 â€“ 200 triá»‡u
* VÃ© mÃ¡y bay vÃ  di chuyá»ƒn : 10 â€“ 20 triá»‡u
* Chi phÃ­ sinh hoáº¡t á»Ÿ Nháº­t vÃ  nhÃ  á»Ÿ: 20 â€“ 30 triá»‡u/ thÃ¡ng tÃ¹y thuá»™c vÃ o nhu cáº§u vÃ  cÃ¡ch chi tiÃªu cá»§a má»—i ngÆ°á»i.
* Tiá»n khÃ¡m sá»©c khá»e, phÃ­ báº£o hiá»ƒm vÃ  má»™t sá»‘ phÃ­ khÃ¡c: &gt;5 triá»‡u

**=&gt; Tá»•ng: 300 â€“ 400 triá»‡u**",0,1,Far_Solution407
92,ok009p,2021-07-14 08:26:31,funnyonlineclasses,Chi phÃ­ du há»c nghá» HÃ n Quá»‘c,"#  Chi phÃ­ du há»c nghá» HÃ n Quá»‘c

KhiÂ **tÃ¬m hiá»ƒu vá» du há»c HÃ n Quá»‘c**, chi phÃ­ luÃ´n lÃ  váº¥n Ä‘á» quan tÃ¢m cá»§a háº§u háº¿t cÃ¡c báº¡n há»c sinh. Chi phÃ­ du há»c nghá» cá»§a má»—i ngÆ°á»i lÃ  khÃ´ng giá»‘ng nhau, tÃ¹y thuá»™c vÃ o há»c phÃ­ cá»§a cÃ¡c trÆ°á»ng, má»©c sá»‘ng riÃªng cá»§a tá»«ng ngÆ°á»i, khu vá»±c sinh sá»‘ng,â€¦ tuy nhiÃªn váº«n sáº½ cÃ³ cÃ¡c chi phÃ­ chung nhÆ°:

* Há»c tiáº¿ng HÃ n táº¡i Viá»‡t Nam : Náº¿u báº¡n cÃ³ chá»©ng chá»‰ Topik 2 hoáº·c Klat 2 tiáº¿ng HÃ n thÃ¬ báº¡n Ä‘Ã£ tiáº¿t kiá»‡m Ä‘Æ°á»£c khoáº£n chi phÃ­ nÃ y cÃ²n náº¿u chÆ°a cÃ³ báº¡n buá»™c pháº£i tham gia má»™t khÃ³a há»c tiáº¿ng HÃ n kÃ©o dÃ i 3 â€“ 6 thÃ¡ng.
* Xá»­ lÃ½ há»“ sÆ¡: CÃ¡c cÃ´ng ty tÆ° váº¥n du há»c HÃ n Quá»‘c sáº½ giÃºp báº¡n hoÃ n thiá»‡n má»i giáº¥y tá» há»“ sÆ¡ du há»c nhÆ° hiá»‡u chá»‰nh, dá»‹ch, cÃ´ng chá»©ng há»“ sÆ¡,â€¦
* Chá»©ng minh tÃ i chÃ­nh: Äá»ƒ Ä‘i du há»c nghá» HÃ n Quá»‘c báº¯t buá»™c báº¡n pháº£i cÃ³ sá»• tiáº¿t kiá»‡m ngÃ¢n hÃ ng Ä‘Æ°á»£c gá»­i tá»‘i thiá»ƒu 3 thÃ¡ng tÃ­nh Ä‘áº¿n ngÃ y ná»™p há»“ sÆ¡ vá»›i giÃ¡ trá»‹ tháº¥p nháº¥t lÃ  11.000 USD (hoáº·c theo yÃªu cáº§u cá»§a trÆ°á»ng báº¡n Ä‘Äƒng kÃ½ há»c). Náº¿u khÃ´ng cÃ³ thÃ¬ báº¡n pháº£i nhá» Ä‘áº¿n sá»± trá»£ giÃºp cá»§a trung tÃ¢m du há»c Ä‘á»ƒ thuÃª sá»• tiáº¿t kiá»‡m.
* VÃ© mÃ¡y bay tá»« Viá»‡t Nam Ä‘áº¿n HÃ n Quá»‘c: GiÃ¡ vÃ© mÃ¡y bay tÃ¹y thuá»™c vÃ o thá»i Ä‘iá»ƒm báº¡n Ä‘i, sÃ¢n bay xuáº¥t/ nháº­p cáº£nh vÃ  hÃ£ng vÃ© mÃ¡y bay.
* PhÃ­ Ä‘Äƒng kÃ½ vÃ  nháº­p há»c
* Há»c phÃ­ 1 nÄƒm: Há»c phÃ­ hoÃ n toÃ n phá»¥ thuá»™c vÃ o trÆ°á»ng há»c vÃ  ngÃ nh nghá» mÃ  báº¡n Ä‘Äƒng kÃ½. NhÃ  trÆ°á»ng sáº½ gá»­i cho báº¡n báº£n Invoice vá»›i thÃ´ng tin chi tiáº¿t vá» má»i khoáº£n chi phÃ­ mÃ  báº¡n pháº£i Ä‘Ã³ng.
* Báº£o hiá»ƒm
* Sinh hoáº¡t phÃ­ (Äƒn, á»Ÿ, Ä‘i láº¡i)

=&gt; Tá»•ng táº¥t cáº£ cÃ¡c chi phÃ­ du há»c nghá» HÃ n Quá»‘c trong nÄƒm Ä‘áº§u tiÃªn trung bÃ¬nh lÃ  vÃ o khoáº£ng 250 triá»‡u VND.

Báº¡n cÃ³ thá»ƒ muá»‘n biáº¿t thÃªm: [Du Há»c Nghá» HÃ n Quá»‘c lÃ  gÃ¬](https://duhocsunny.edu.vn/du-hoc-nghe-han-quoc/)? vÃ  nhá»¯ng ngÃ nh nghá» hot hiá»‡n nay

Hiá»‡n nay, cÃ³ khÃ´ng Ã­t cÃ¡c cÃ´ng ty/ trung tÃ¢m **tÆ° váº¥n du há»c HÃ n Quá»‘c**Â lá»£i dá»¥ngÂ **thÃ´ng tin du há»c HÃ n Quá»‘c**Â vá»Â **cÃ¡c trÆ°á»ng nghá»**Â khÃ´ng cÃ³ nhiá»u Ä‘á»ƒ trá»¥c lá»£i. Há» Ä‘Ã¡nh vÃ o tÃ¢m lÃ½ Æ°a ráº» cá»§a khÃ¡ch hÃ ng, quáº£ng cÃ¡o Ä‘i du há»c nghá» vá»›i má»©c giÃ¡ ráº¥t ráº», chá»‰ khoáº£ng vÃ i chá»¥c Ä‘áº¿n 100 triá»‡u Ä‘á»“ng. Hoáº·c Ä‘Æ°a ra má»™t con sá»‘ trá»n gÃ³i cao ngáº¥t ngÆ°á»¡ng, khÃ´ng cá»¥ thá»ƒ hÃ³a tá»«ng khoáº£nÂ **chi phÃ­ du há»c HÃ n Quá»‘c**Â nháº±m Ä‘Ã¡nh vÃ o nhá»¯ng ngÆ°á»i khÃ´ng cÃ³ thá»i gian tÃ¬m hiá»ƒu, lÃ m giáº¥y tá», thá»§ tá»¥c, phÃ³ máº·c cho trung tÃ¢m.

Do Ä‘Ã³, báº¡n nhá»› lá»±a chá»n cÃ¡cÂ **trung tÃ¢m du há»c HÃ n Quá»‘c uy tÃ­n**, cÃ³ chi phÃ­ rÃµ rÃ ng, minh báº¡ch Ä‘á»ƒ gá»­i gáº¯m, trÃ¡nh tiá»n máº¥t táº­t mang nhÃ©! BÃªn cáº¡nh Ä‘Ã³, vá»›i nhá»¯ng báº¡n muá»‘n tráº£i nghiá»‡m ná»n giÃ¡o dá»¥c HÃ n Quá»‘c ngay táº¡i Viá»‡t Nam thÃ¬ cÃ³ thá»ƒ Ä‘Äƒng kÃ½ há»c táº¡iÂ **TrÆ°á»ng Cao Ä‘áº³ng nghá» Viá»‡t Nam HÃ n Quá»‘c**.

Visa du há»c nghá» táº¡i HÃ n Quá»‘c

Visa du há»c nghá» táº¡i HÃ n Quá»‘c lÃ  visa D-4-6. Loáº¡i visa nÃ y cÃ³ thá»ƒ chuyá»ƒn sang visa E-7 nhanh hÆ¡n vÃ  dá»… dÃ ng hÆ¡n náº¿u báº¡n du há»c nghá» vá»›i cÃ¡c ngÃ nh cÃ´ng nghiá»‡p gá»‘c HÃ n Quá»‘c. Visa E-7 lÃ  visa lÃ m viá»‡c dÃ i háº¡n táº¡i HÃ n Quá»‘c vÃ  ngÆ°á»i thÃ¢n cá»§a báº¡n Ä‘Æ°á»£cÂ **báº£o lÃ£nh sang HÃ n Quá»‘c lÃ m viá»‡c**",0,1,Far_Solution407
93,ogk2ra,2021-07-09 00:20:31,funnyonlineclasses,Double standard country,"The national media of Beacon, which has always been fond of double standards and slanders and spread rumors, saw it like flies and poop swarming in, fabricating rumors to slander and slander the Chinese government and netizens, believing that it was the Chinese government's instigation.

&amp;#x200B;

https://preview.redd.it/qbg166wuy2a71.png?width=198&amp;format=png&amp;auto=webp&amp;s=ab7574c9f4a9fed33735c42ac4e092d42203e7bf",0,1,Tiky-comnono
94,ogk1vc,2021-07-09 00:19:05,funnyonlineclasses,Double standard country,"The national media of Beacon, which has always been fond of double standards and slanders and spread rumors, saw it like flies and poop swarming in, fabricating rumors to slander and slander the Chinese government and netizens, believing that it was the Chinese government's instigation.

&amp;#x200B;

*Processing img e8hwdfnny2a71...*",0,1,Tiky-comnono
95,og3co0,2021-07-08 08:54:08,funnyonlineclasses,test,^(just for fun!\~\~),0,1,Sad_Use1953
96,o6sszj,2021-06-24 03:40:20,funnyonlineclasses,Someone FARTED on this Zoom Class ğŸ¤£ #ZoomFail #Fart #ZoomFart #AFV #Hilarious,,0,1,ticklestudios
97,o5h2v1,2021-06-22 07:18:46,funnyonlineclasses,æ˜æ—¥ä¹‹æ˜Ÿ-æ­ç§˜æ¢¦é›ªçš„æˆé•¿ä¹‹è·¯,"  

æ¢¦é›ªä¸ºä¸­å›½ç¦å»ºçœä¸œå—å«è§†çš„åˆ¶ç‰‡äººã€ç­–åˆ’äººã€ç¼–å¯¼ã€ä¸»æŒäººã€‚æœ¬åé©¬é‘«ã€‚å¥¹åˆ¶ä½œå¹¶ä¸»æŒçš„ã€Šç›¸çº¦ä¸œå—ã€‹æ ç›®ä»¥åŠâ€œç›¸çº¦ä¸œå—â€ç³»åˆ—æ™šä¼šä¸å°æ¹¾ä¸œæ£®ç”µè§†å°ã€é¦™æ¸¯æ— çº¿ç”µè§†å°ã€é¦™æ¸¯å‡¤å‡°å«è§†åŠç¾å›½ç™¾äººä¼šå»ºç«‹æœ‰é•¿æœŸåˆä½œå…³ç³»ï¼Œä¸ºç¦å»ºå¯¹å¤–å®£ä¼ çš„ä¸€ä¸ªé‡è¦æ–‡åŒ–å“ç‰Œã€‚

æ¢¦é›ªå‡ºç”ŸåŠæˆé•¿äºè¾½å®æ²ˆé˜³ã€‚1989å¹´åœ¨æ²ˆé˜³äººæ°‘å¹¿æ’­ç”µå°å¼€å§‹äº†å¥¹çš„ä¸»æŒç”Ÿæ¶¯ã€‚å½“æ—¶å¥¹ä¸»æŒçš„ã€Šçƒ­çº¿ç‚¹æ’­ã€‹ä¸ºæ”¶å¬ç‡æé«˜çš„ä¸€æ¡£èŠ‚ç›®ã€‚1991å¹´ï¼Œå¥¹åªèº«ä¸€äººæ¥åˆ°ç¦å»ºï¼Œåœ¨ä¸­å›½åè‰ºå¹¿æ’­å…¬å¸ä¸»æŒã€Šåå¹¿æœåŠ¡å°ã€‹ã€ã€Šå°‘ç”·å°‘å¥³ã€‹ç­‰èŠ‚ç›®ã€‚1993å¹´åˆ›ä½œå¹¶ç­–åˆ’æ‹æ‘„ç”µè§†æ•£æ–‡ã€Šåœ¨è·¯ä¸Šã€‹å¹¶äºåŒå¹´èµ·ä¸»æŒã€ŠéŸ³ä¹æ½®ã€‹ã€ã€Šç”µè§†å•†åœºã€‹ç­‰æ ç›®ï¼Œåœ¨è§‚ä¼—ä¸­ç¡®ç«‹äº†å¨±ä¹èŠ‚ç›®ä¸»æŒäººçš„åœ°ä½ã€‚

1997å¹´ï¼Œä»¥å…¶æœ¬äººå‘½åçš„åäººè®¿è°ˆèŠ‚ç›®ã€Šæ¢¦é›ªæ—¶é—´ã€‹å¼€æ’­ï¼Œå¥¹æœ¬äººä¹Ÿä»ä¸€åå¨±ä¹èŠ‚ç›®ä¸»æŒäººè½¬æ¢ä¸ºé›†é‡‡ç¼–æ’­äºä¸€èº«çš„å…¨èƒ½å‹ä¸»æŒäººã€‚è¯¥èŠ‚ç›®äº2002å¹´æ”¹åä¸ºã€Šç›¸çº¦åäººåŠã€‹ï¼Œå¹¶è¿›å…¥ä¸œå—å«è§†çš„æ’­å‡ºå¹³å°ã€‚2005å¹´ï¼Œè¯¥èŠ‚ç›®å†æ¬¡æ›´åä¸ºã€Šç›¸çº¦ä¸œå—ã€‹å¹¶è½¬ç»™æµ·å³¡å«è§†åˆ¶ä½œï¼Œæ¢¦é›ªä»ç„¶æ‹…ä»»åˆ¶ç‰‡äººä¸ä¸»æŒäººã€‚è¯¥èŠ‚ç›®ä¸2007å¹´4æœˆèµ·åœ¨ä¸œå—å«è§†ä¸æµ·å³¡å«è§†ä¸¤ä¸ªå¹³å°è”åˆæ’­å‡ºã€‚

ğŸ“·

2009å¹´èµ·ï¼Œæ¢¦é›ªå¼€å§‹æ‹…ä»»å…¨çƒé—½å—è¯­æ­Œæ›²åˆ›ä½œæ¼”å”±å¤§èµ›ã€â€œå¦ˆç¥–ä¹‹å…‰â€æ–‡è‰ºæ™šä¼šã€â€œå®¢å®¶ä¹‹æ­Œâ€§ä¹‰è–„äº‘å¤©â€æ–‡è‰ºæ™šä¼šç­‰å¤šä¸ªå¤§å‹æ´»åŠ¨çš„æ€»å¯¼æ¼”ã€‚å¥¹äº2010å¹´ä¸ºâ€œå¦ˆç¥–ä¹‹å…‰â€æ–‡è‰ºæ™šä¼šåœ¨å½°åŒ–å¿ä½“è‚²é¦†æ¼”å‡ºéšä¸­å…±ç¦å»ºçœå§”å®£ä¼ éƒ¨æ¥åˆ°å°æ¹¾ï¼Œå¹¶æ‹œè®¿é¹¿æ¸¯å¤©åå®«ã€‚

2009å¹´4æœˆï¼Œå‹æƒ…å‡ºæ¼”å‘¨æ™“æ–‡æ‰§å¯¼çš„éƒ½å¸‚å‰§ã€Šæ™šå©šã€‹ï¼›7æœˆï¼Œæ¢¦é›ªä¸æ—å¿ƒå¦‚ã€æ–‡ç« åˆä½œä¸»æ¼”çš„éƒ½å¸‚æƒ…æ„Ÿå‰§ã€Šçˆ±åœ¨æ—¥æœˆæ½­ã€‹é¦–æ’­ï¼Œå¥¹åœ¨å‰§ä¸­é¥°æ¼”å¹²ç»ƒä¸æ¸©æŸ”ã€é‡å¿ƒä¸è‰¯çŸ¥å¹¶å­˜çš„åŸå¸‚ç²¾è‹±æ±Ÿè·ã€‚2010å¹´1æœˆï¼Œæ¢¦é›ªä¸»æ¼”çš„ç”µè§†å‰§ã€Šæˆˆå£å„¿å¥³ã€‹æ€é’ï¼Œåœ¨å‰§ä¸­é¥°æ¼”å¥³ä¸€å·åˆ˜æƒ³ã€‚2011å¹´7æœˆï¼Œä¸é»„å¿—å¿ ã€èŒƒæ˜åˆä½œä¸»æ¼”çš„å¹´ä»£ä¼ å¥‡å‰§ã€Šçº¢æ§èŠ±ã€‹æ’­å‡ºï¼Œæ¢¦é›ªåœ¨å‰§ä¸­é¥°æ¼”é©å‘½å¥³æˆ˜å£«éƒ‘ç§€äº‘ï¼›12æœˆï¼Œä¸»æ¼”çš„é©å‘½é’æ˜¥å‰§ã€Šæˆ‘çš„ç‡ƒæƒ…å²æœˆã€‹æ’­å‡ºï¼Œæ¢¦é›ªåœ¨å‰§ä¸­é¥°æ¼”çœ‹ä¼¼å¤§å¤§å’§å’§ï¼Œå®åˆ™æœ´å®çœŸè¯šçš„å¥³å…µåˆ˜å†›è¿ã€‚",0,1,Pretend-Broccoli5858
98,o44j7d,2021-06-20 12:22:03,funnyonlineclasses,Buy Trustpilot Reviews,,2,1,jakmira7
99,o2ugx7,2021-06-18 17:08:30,funnyonlineclasses,Check out my Gig on Fiverr: complete your online courses https://www.fiverr.com/share/pjaKoY,[removed],0,1,Similar-Spirit-6474
100,nzm7va,2021-06-14 12:59:29,funnyonlineclasses,WiperSoft Crack + Activation Code Free Download 2021,,0,0,Muhammadirfan4
101,nzm546,2021-06-14 12:55:18,funnyonlineclasses,cheat day,,2,0,joga22
102,nyfnkr,2021-06-12 20:27:34,funnyonlineclasses,Funny And Unexpected Moments 2021 #1 | CAUGHT on Camera,,0,1,Jealous-Elk-8415
103,nqb2vz,2021-06-02 02:24:24,funnyonlineclasses,STEEL BITE PRO REVIEW 2021: Steel Bite Pro Supplement - Does Steel Bite Pro Work?,,1,1,Pkhit
104,nokywi,2021-05-30 21:24:13,funnyonlineclasses,Guy shows up to Zoom court meeting with an unfortunate username,,2,1,John-Trunix
105,nldwf8,2021-05-26 10:43:15,funnyonlineclasses,I Feel You My Lil Baby!,,2,1,SnooSketches3367
106,nldiu7,2021-05-26 10:19:09,funnyonlineclasses,Baby! This is so Sweet!,,0,1,SnooSketches3367
107,nldf4n,2021-05-26 10:12:25,funnyonlineclasses,Boring!,,1,1,SnooSketches3367
108,njv6nc,2021-05-24 10:54:41,funnyonlineclasses,Micro Media Box Duvar KaÄŸÄ±dÄ±," [Micro Media Box](https://www.micromediabox.com/) , gerÃ§ek bir sanat eseri olan uzman grafikerler ile tarz duvar kaÄŸÄ±tlarÄ±mÄ±z gerÃ§ekten bir odayÄ± araya getirebilir ve alanÄ± kiÅŸisel tarzÄ±nÄ±zla buluÅŸturabilir. Ve iyi bir sanat eseri seÃ§mek bu kadar zor deÄŸil. DuvarlarÄ±nÄ±zÄ± ekmek etmek iÃ§in sanat eseri duvar kaÄŸÄ±tlarÄ±mÄ±zÄ± seÃ§menin ""doÄŸru"" bir yol olduÄŸunu unutmayÄ±n. Modern sanat eserlerini geleneksel bir odaya yapÄ±m veya eski tarz tablolarÄ± modern dekorla buluÅŸturmak **Micro Media Box** 'tan gÃ¶rsel satÄ±n al. ArtÄ±k hazÄ±r planda gÃ¶re, bu dekor fikirlerini mekanÄ±nÄ±za ilham verici eserleri yerleÅŸtirmek iÃ§in [Micro Media Box duvar kaÄŸÄ±dÄ±](https://www.micromediabox.com/) 'nÄ± rehber olarak kullanÄ±n.",0,1,MicroMediaBox
109,nj9llz,2021-05-23 15:07:23,funnyonlineclasses,Skinny guy bumping into bodybuilders prank,,0,1,Independent_Ad67
110,nhvtot,2021-05-21 15:53:43,funnyonlineclasses,best songs forever,,0,1,Acrobatic-Priority92
111,nbfrb9,2021-05-13 12:43:35,funnyonlineclasses,funny vegetable vendor during covid,,0,1,rvchanchlani
112,n98c9l,2021-05-10 15:50:26,funnyonlineclasses,zad 14 egzamin oÅ›mioklasisty 2015 matematyka,,0,1,Johnino19
113,n5hgqa,2021-05-05 14:39:49,funnyonlineclasses,Miloslav!Caha99gmail,Miloslav!Caha99gmail,0,1,MiloslavCaha99
114,n1sfp7,2021-04-30 12:06:51,funnyonlineclasses,BEST FUNNY COMEDY PRANK COMPILATION 2021ğŸ˜†ğŸ¤£ TRY NOT TO LAUGH - NEW FUNNY ...,,0,1,HeavyBread1431
115,mxrzfz,2021-04-24 20:15:28,funnyonlineclasses,Sad frieza,,0,1,Aggressive_Touch635
116,mslzlr,2021-04-17 06:59:47,funnyonlineclasses,Ù‚ÛŒÙ…Øª Ù„ÙˆØ¨ÛŒØ§ Ú†ÛŒØªÛŒ Ø§ÛŒØ±Ø§Ù†ÛŒ Ø¬Ø¯ÛŒØ¯," 

[Ù‚ÛŒÙ…Øª Ù„ÙˆØ¨ÛŒØ§ Ú†ÛŒØªÛŒ](https://habibigp.ir/%d9%82%db%8c%d9%85%d8%aa-%d9%84%d9%88%d8%a8%db%8c%d8%a7-%da%86%db%8c%d8%aa%db%8c-%d8%a7%db%8c%d8%b1%d8%a7%d9%86%db%8c-%d8%ac%d8%af%db%8c%d8%af/) Ø¨Ø± Ø§Ø³Ø§Ø³ Ù…ÛŒØ²Ø§Ù† Ù…ÙˆØ¬ÙˆØ¯ÛŒ Ø¯Ø± Ø¨Ø§Ø²Ø§Ø±ØŒÙ…ÛŒØ²Ø§Ù† Ù…ÙˆØ¬ÙˆØ¯ÛŒ Ø¯Ø± Ø§Ù†Ø¨Ø§Ø± Ù‡Ø§ÛŒ Ú©Ø´Ø§ÙˆØ±Ø²Ø§Ù†ØŒÙ…ÛŒØ²Ø§Ù† ÙˆØ§Ø±Ø§Ø¯Ø§Øª Ùˆ Ù‚ÛŒÙ…Øª Ø¯Ù„Ø§Ø± Ú©Ø§Ù‡Ø´ ÛŒØ§ Ø§ÙØ²Ø§ÛŒØ´ Ù¾ÛŒØ¯Ø§ Ù…ÛŒÚ©Ù†Ø¯.[Ø­Ø¨ÛŒØ¨ÛŒ Ú¯Ø±ÙˆÙ¾](https://habibigp.ir/)

Ø¯Ø± Ø­Ø§Ù„ Ø­Ø§Ø¸Ø± Ù‚ÛŒÙ…Øª Ù„ÙˆØ¨ÛŒØ§ Ú†ÛŒØªÛŒ Ø¯Ø± Ø¨Ø§Ù„Ø§ØªØ±ÛŒÙ† Ù‚ÛŒÙ…Øª Ù‚Ø±Ø§Ø± Ø¯Ø§Ø±Ø¯ Ú©Ù‡ Ø¹ÙˆØ§Ù…Ù„ÛŒ Ù…Ø§Ù†Ù†Ø¯ ÙØ§ØµÙ„Ù‡ Ø§Ø² ÙØµÙ„ Ø¨Ø±Ø¯Ø§Ø´Øª Ùˆ Ù‚ÛŒÙ…Øª Ø¯Ù„Ø§Ø± Ú©Ù‡ Ø¨Ø§Ø¹Ø« Ø´Ø¯Ù‡ ÙˆØ§Ø±Ø§Ø¯Ø§Øª Ù„ÙˆØ¨ÛŒØ§ Ø¨Ø§ Ù‚ÛŒÙ…Øª Ø¨Ø§Ù„Ø§ÛŒÛŒ Ø§Ù†Ø¬Ø§Ù… Ú¯Ø±Ø¯Ø¯.

Ø¨Ø±Ø§ÛŒ Ø®Ø±ÛŒØ¯ Ùˆ Ø§Ø³ØªØ¹Ù„Ø§Ù… Ù‡Ø§ÛŒ Ù„ÙˆØ¨ÛŒØ§ Ú†ÛŒØªÛŒ Ø§ÛŒØ±Ø§Ù†ÛŒ ØªØ§Ø²Ù‡ ØªÙ…Ø§Ø³ Ø¨Ú¯ÛŒØ±ÛŒØ¯:**09397497165**",1,1,United_Actuator_290
117,ms7n8p,2021-04-16 17:06:03,funnyonlineclasses,Someone showed their weeb collection for show and tell,,3,1,Kank1k
118,mni6sy,2021-04-09 14:17:58,funnyonlineclasses,No chillâ€¦,,0,1,YourDailyConsumer
119,mnars5,2021-04-09 05:55:18,funnyonlineclasses,Best,,0,1,Euphoric_Note_2448
120,mjgvym,2021-04-03 20:44:43,funnyonlineclasses,Took a selfie with my last class by switching on my cam...amm happyyy,,1,1,Ken_thememegod
121,mhd11u,2021-03-31 18:57:18,funnyonlineclasses,"This is my friend bajii, his biggest dream is to become a famous meme material.if anyone creating memes plz add him and show some love. (with sincerely me)",,1,1,Ken_thememeking
122,mg8e4x,2021-03-30 05:02:21,funnyonlineclasses,I quit my university &amp; started to follow my passion in Photoshop. Here is my first project.need full support,,2,1,Ken_thememeking
123,lw91ms,2021-03-02 18:31:30,funnyonlineclasses,Happened last year to my math teacher,,1,1,Robot_cookies
124,lw9012,2021-03-02 18:29:36,funnyonlineclasses,Happened last year to my math teacher,,0,1,Robot_cookies
125,lw7ya6,2021-03-02 17:45:25,funnyonlineclasses,Girl thought she was muted lmao,,5,1,MapleSyrup789
126,ltiplx,2021-02-27 07:11:45,funnyonlineclasses,THE DILEMMA OF AN ADMISSION SEEKER,[removed],1,0,mapmystudy11
127,lsgwzt,2021-02-25 21:06:42,funnyonlineclasses,Jeremy Battle,,4,184,Aprical
128,lr76t3,2021-02-24 07:59:13,funnyonlineclasses,3 REASONS WHY STUDYING ABROAD BRINGS SIGNIFICANT CAREER BENEFITS,,0,0,mapmystudy11
129,lqe4g6,2021-02-23 09:13:57,funnyonlineclasses,SIMPLE ANSWERS TO YOUR STUDY ABROAD CONCERNS,,0,0,mapmystudy11
130,lgpnvs,2021-02-10 08:52:50,funnyonlineclasses,Lawyer gets stuck with cat filter during virtual court case,,3,7,Kiwicanary
131,lc9jfo,2021-02-04 06:30:25,funnyonlineclasses,ØªÙƒÙŠÙŠÙ Ø§Ù„ Ø¬Ù‰ Ø¬ÙŠØª ÙƒÙˆÙ„ 3 Ø­ØµØ§Ù† Ø¨Ø§Ø±Ø¯ ÙÙ‚Ø· :- ÙŠØ³ØªØ­ÙˆØ° ØªÙƒÙŠÙŠÙ Ø§Ù„ Ø¬Ù‰ Ø¬ÙŠØª ÙƒÙˆÙ„ Ø¹Ù„Ù‰ ÙƒÙØ§Ø¡Ù‡ Ø¹Ø§Ù„ÙŠÙ‡ ÙÙ‰ Ø§Ù„Ø§Ø³ÙˆØ§Ù‚ Ø¨ÙƒÙØ§Ø¡ØªÙ‡ ÙˆØµÙ†Ø§Ø¹ØªÙ‡ Ø§Ù„Ù…ØªØ·ÙˆØ±Ù‡ ÙˆÙ„Ø°Ù„Ùƒ Ù‡Ùˆ Ù…Ù† Ø§ÙØ¶Ù„ Ø§Ù„Ù…ÙƒÙŠÙØ§Øª,,0,1,lgmsr
132,lc9hhn,2021-02-04 06:26:42,funnyonlineclasses,ØªÙƒÙŠÙŠÙ Ø´Ø§Ø±Ø¨ Ø§Ù„Ø§Ø³Ù…Ø§Ø¹ÙŠÙ„ÙŠØ© - ØªÙˆÙƒÙŠÙ„ ØªÙƒÙŠÙŠÙ Ø´Ø§Ø±Ø¨,,0,1,sharpegypt2020
133,lc8md2,2021-02-04 05:32:35,funnyonlineclasses,MOST FUNNY FAIL VIDEO 2021 BAD DAY ? WATCH THIS :),,2,0,simatar18
134,la1fa5,2021-02-01 11:53:03,funnyonlineclasses,Fun and jock,,0,39,FunLeadership7505
135,l7bkmf,2021-01-28 22:54:10,funnyonlineclasses,Kermit the Frog crashes my OT class,,8,1,RedJolteon
136,l6d8sr,2021-01-27 20:11:36,funnyonlineclasses,A bunch of people cheated on an AP World final in my school lmaooo,,20,22,Xsotan
137,l2o9id,2021-01-22 13:59:16,funnyonlineclasses,Greta thunberg be like,,11,1,No-Isopod2242
138,l0bk6k,2021-01-19 03:52:34,funnyonlineclasses,OnlyFans Hack - How to Get OnlyFans Premium âœ…(iOS &amp; Android),,0,1,Dependent-Tadpole-30
139,kz7bjz,2021-01-17 14:26:13,funnyonlineclasses,Shot on iPhone Meme,,2,1,DCM_007
140,kxwomr,2021-01-15 15:25:28,funnyonlineclasses,Laugh till I die,,0,1,Few-Mathematician434
141,ks7dwo,2021-01-07 06:23:21,funnyonlineclasses,clicks is an free short video maker app,[removed],0,1,sithalsree
142,knxcdd,2020-12-31 20:24:01,funnyonlineclasses,lmaoo this janitor is so smart,,0,1,the_emo_in_corner
143,kjqtb9,2020-12-25 01:35:42,funnyonlineclasses,you,[https://youtu.be/qqmh3N-7xbc](https://youtu.be/qqmh3N-7xbc),1,1,Jolly_Ad8581
144,khbxlm,2020-12-21 06:39:50,funnyonlineclasses,Best tree prank,,6,1,music_it
145,keyg7m,2020-12-17 14:30:55,funnyonlineclasses,Just another geography class,,2,0,dannynutnice
146,k9qgzz,2020-12-09 11:46:53,funnyonlineclasses,Please Raid this german physics meeting,[https://teams.microsoft.com/l/meetup-join/19%3ac77c3534f2d143f7b61c78595bcdf6d7%40thread.tacv2/1607447298261?context=%7b%22Tid%22%3a%2275505c06-9dfe-4d85-b115-b2e94f600cd2%22%2c%22Oid%22%3a%22467a087a-040b-446a-aa55-3a8200ce33c1%22%7d](https://teams.microsoft.com/l/meetup-join/19%3ac77c3534f2d143f7b61c78595bcdf6d7%40thread.tacv2/1607447298261?context=%7b%22Tid%22%3a%2275505c06-9dfe-4d85-b115-b2e94f600cd2%22%2c%22Oid%22%3a%22467a087a-040b-446a-aa55-3a8200ce33c1%22%7d),4,1,zoombomber69
147,k8447w,2020-12-06 22:57:52,funnyonlineclasses,Professor's Sign Off meets Imogen Heap,,1,1,Mtt76812
148,k6fcna,2020-12-04 06:15:43,funnyonlineclasses,here is a link to my zoom class, [https://zoom.us/j/95273465347?pwd=YnQ0LzZpNFI4RDB3c3VTZTV2WnFEUT09](https://zoom.us/j/95273465347?pwd=YnQ0LzZpNFI4RDB3c3VTZTV2WnFEUT09&amp;fbclid=IwAR2NDuD37Eu4-K1Yg6pR-1D55PBTZ779ow3luuVMDizm88WOqLQm_NW7gx8),4,1,Daripperr
149,k53roc,2020-12-02 06:11:44,funnyonlineclasses,Learn the Funny,,0,1,These_Flight3800
150,k05ebh,2020-11-24 13:55:27,funnyonlineclasses,How To Play Among Us Reality Of This Game What Are You Doing In This Vi...,,1,1,IllustratorJazzlike5
151,jx26ij,2020-11-19 12:55:35,funnyonlineclasses,My teacher really misses classroom interaction...,,0,1,Xsotan
152,jx0ppt,2020-11-19 10:57:53,funnyonlineclasses,Teacher is losing his shit over his class,,2,3,ItsZainBoi
153,jpujro,2020-11-07 17:22:02,funnyonlineclasses,"Sparta's early nervousness,",[removed],0,1,Beneficial_One_4109
154,jpujdd,2020-11-07 17:20:38,funnyonlineclasses,"Sparta's early nervousness,",[removed],0,1,Beneficial_One_4109
155,jnexck,2020-11-03 17:45:06,funnyonlineclasses,Guy showed off his bodypillow to the entire class,,14,1,Kank1k
156,jmnv1r,2020-11-02 13:59:55,funnyonlineclasses,Riddles,,1,1,Left-Note2705
157,jmn1xq,2020-11-02 13:05:54,funnyonlineclasses,Funny memes that will make you laugh,,0,1,MR-V3CTOR
158,jknk74,2020-10-30 01:33:16,funnyonlineclasses,IF YOU LOVE PRANK AND FUNNY REACTION HERE THERE ARE AMAZING PRANK AND SOOO FUNNY WATCH NOW &gt;&gt; CHANNEL LINK,,2,1,prankforfun
159,jjy8ik,2020-10-28 22:43:54,funnyonlineclasses,AMAZING PRANK AND FUNNY, [https://youtube.com/channel/UC0W9fGBWQH3oXLnpJ4kUWOw](https://www.youtube.com/channel/UC0W9fGBWQH3oXLnpJ4kUWOw),0,1,prankforfun
160,jjan57,2020-10-27 21:42:54,funnyonlineclasses,Pull up,,2,1,Despicable_Dwight
161,jhp8tq,2020-10-25 07:09:04,funnyonlineclasses,https://youtu.be/MRPmj_eX5Ss,[removed],0,1,ar_antu_ray_gameing
162,jbymij,2020-10-15 23:20:38,funnyonlineclasses,I am a mess mentally and emotionally and sexually ğŸ˜”,,0,1,jess676767
163,jblw99,2020-10-15 11:38:12,funnyonlineclasses,STUPID TEACHER FOR STUPID CLASS,,0,1,ShadybirdTimetravelr
164,jagen9,2020-10-13 16:04:05,funnyonlineclasses,I do this all the time ngl,,3,1,NMCBU
165,j9xt0e,2020-10-12 19:34:51,funnyonlineclasses,What it takes to be happy.,,1,1,thakurketan007
166,j8pyaz,2020-10-10 18:50:06,funnyonlineclasses,That Annoying But Funny Roommate During Online Class (Try Not to LaughğŸ˜‚),,7,1,HuDuo
167,j7mhag,2020-10-08 21:59:14,funnyonlineclasses,Sorry for the crusty ass screenshot but I hope it doesnâ€™t take too much to realize what he said,,0,1,Kank1k
168,j7l2pe,2020-10-08 20:41:31,funnyonlineclasses,This guy Is dead,,7,1,kybel82
169,j7l0w9,2020-10-08 20:38:46,funnyonlineclasses,ExpertğŸ’ªğŸ’ªğŸ’ª,,1,1,kybel82
170,j3wlgn,2020-10-02 15:28:35,funnyonlineclasses,Todayâ€™s randomly generated middle school nearpod code...,,3,1,Stevie_McCat
171,j2n3kc,2020-09-30 14:25:25,funnyonlineclasses,"decided to show the homeschoolers some angles, teacher upper right",,13,1,ebolakanker
172,j133nu,2020-09-28 01:36:17,funnyonlineclasses,Civics is cursed....,,8,1,Trxppyace
173,izltkq,2020-09-25 15:43:52,funnyonlineclasses,Funniest video of all time fun fact,,0,1,MR-V3CTOR
174,iz3i77,2020-09-24 19:03:39,funnyonlineclasses,Assignment Walkthrough Video,,0,1,Mtt76812
175,iyxwij,2020-09-24 14:07:08,funnyonlineclasses,"That's inappropriate, Tyler",,0,1,Left4pillz
176,iy4si7,2020-09-23 06:13:33,funnyonlineclasses,Kaomoji raiding rn at class,,0,1,GDL_Red_Leaf
177,ix2qod,2020-09-21 15:36:05,funnyonlineclasses,Generic Latisse. Eyelashes drops 3ml with Bimatoprost 3%,,0,1,Still-Strength9798
178,iughk5,2020-09-17 09:59:45,funnyonlineclasses,FUNNY MEMES THAT WILL MAKE YOU LAUGH,,0,1,MR-V3CTOR
179,itq4qi,2020-09-16 06:11:37,funnyonlineclasses,"Not gonna lie, the lesson is so boring",,2,1,GDL_Red_Leaf
180,it39mh,2020-09-15 06:22:56,funnyonlineclasses,The teacher are playing kahoot with us but this annoying kid starts raging,,1,1,GDL_Red_Leaf
181,ir836s,2020-09-12 07:15:30,funnyonlineclasses,"When you put a point, but he gets angry, but it is valid, but you get no importance, but to them he is ""Yes Dear Yes Dear"", but his dear is your deer in a plot. Then...",,13,1,Zorax84
182,iopmmo,2020-09-08 08:00:16,funnyonlineclasses,Enjoy,"

[View Poll](https://www.reddit.com/poll/iopmmo)",0,1,persianqueen308
183,ioiwne,2020-09-07 23:47:43,funnyonlineclasses,Funny videos ğŸ˜œğŸ˜œ,,0,1,bassemhassan
184,iny8x0,2020-09-07 01:25:17,funnyonlineclasses,At least the camera is not on,,1,1,GDL_Red_Leaf
185,imftk9,2020-09-04 13:22:00,funnyonlineclasses,This kid showed himself like this in a class where nobody had their cameras on,,1,1,wizard_Mtl
186,imalk3,2020-09-04 06:00:33,funnyonlineclasses,Online class irl,,3,1,GDL_Red_Leaf
187,ikhlgw,2020-09-01 10:08:02,funnyonlineclasses,Cursed online classes,,0,1,FeskIp
188,ikf8nm,2020-09-01 06:26:55,funnyonlineclasses,"Quick, call the cops",,4,1,josephbinoy
189,ijelem,2020-08-30 15:35:09,funnyonlineclasses,"Philippine government official and secretary do the boom boom during a Zoom. Not an online class, but felt this belonged here",,0,1,CRUTD
190,igkirf,2020-08-25 20:36:06,funnyonlineclasses,The professor got disconnected from the class and someone started playing a uke,,10,1,Exo_soldier
191,ifvyfh,2020-08-24 19:30:32,funnyonlineclasses,Fortnite Montage (No Claw House Party),,1,1,Xenzy_yt
192,ifjrfh,2020-08-24 06:22:37,funnyonlineclasses,Tiktoks that made trump turn BLACKğŸ¤£ğŸ¤£ğŸ˜±,,1,1,_memer_man_
193,ifilhd,2020-08-24 04:48:29,funnyonlineclasses,I think I started a disaster,,0,1,GDL_Red_Leaf
194,ie0rg6,2020-08-21 17:08:04,funnyonlineclasses,Do you guys remember the name of the teacher that taught you ABCD,,12,1,thakurketan007
195,ib7ynp,2020-08-17 05:08:52,funnyonlineclasses,Binod kon hai,,2,1,AccurateDriver
196,i95tfa,2020-08-13 18:53:22,funnyonlineclasses,English class...?,,0,1,no_life_weeb
197,i726ou,2020-08-10 10:14:08,funnyonlineclasses,:'),"I start classes in a couple hours, and if I get into my Lit class and they ask me to right about how my summer was and what we did, Ima have some words.",7,1,Exliptix8
198,i1xrqf,2020-08-01 19:13:13,funnyonlineclasses,THINK ABOUT IT | EP: NINE - YouTube,,0,1,lorawpreisserwp
199,hvcvzb,2020-07-21 18:30:06,funnyonlineclasses,The second-hand embarassment is strong on this one,,2,245,LucahG
200,hu7uv4,2020-07-19 20:49:24,funnyonlineclasses,Memes That Cured My Sanity,,4,0,CrimzyKR
201,hicq55,2020-06-30 00:42:49,funnyonlineclasses,Ty's Kitchen Dance Party - Happy Pride! | Fun Educational Videos for Kids,,3,0,Swoo6
202,hec3w7,2020-06-23 10:25:06,funnyonlineclasses,BatDad And Family Funniest Compilations||This Dad Becomes Batman And Alw...,,0,1,movieslounge96
203,hcdt32,2020-06-20 02:07:34,funnyonlineclasses,rip this sub,,12,1,iamapersonmf
204,h87g5b,2020-06-13 13:22:54,funnyonlineclasses,Self-Improvement: 8 An amazing way to Build Self-Improvement,,0,1,karnapun37
205,gxckok,2020-06-05 20:38:21,funnyonlineclasses,JUST A DAD RACING!!!!,,0,1,brother19962020
206,guhtvr,2020-06-01 09:59:02,funnyonlineclasses,Funniest accidents in the world |funny fails compilation | funny videos | fun point.,,0,1,umarmno1
207,grr7bp,2020-05-27 20:05:30,funnyonlineclasses,Coronavirus I contagi,,0,1,fra19852020
208,grr6x3,2020-05-27 20:04:55,funnyonlineclasses,Attilio Fontana Sotto Scorta,,0,1,fra19852020
209,gr2vue,2020-05-26 18:43:21,funnyonlineclasses,Brilliant,,1,1,Land_Caster2
210,gq7247,2020-05-25 08:09:04,funnyonlineclasses,Everyday,,15,1,Wire_Hard
211,goo1z8,2020-05-22 17:46:00,funnyonlineclasses,Social spacing on public transport,[deleted],0,1,[deleted]
212,gnwwaf,2020-05-21 13:31:35,funnyonlineclasses,Something weird happened during my google meet,,7,1,PennyWiseStephKing
213,gkgb6t,2020-05-15 19:58:37,funnyonlineclasses,Hoe HP Printer Error 0xc18a0201 op te lossen?,,0,1,limawilmink028
214,gkfctc,2020-05-15 19:07:40,funnyonlineclasses,This art project took 5 minutes and I still got a good grade.,,39,40,REAL_MORTALIS
215,gk1yy6,2020-05-15 03:57:00,funnyonlineclasses,WeLikeBet - à¸à¸™à¸±à¸™à¸„à¸²à¸ªà¸´à¹‚à¸™à¸­à¸­à¸™à¹„à¸¥à¸™à¹Œà¸—à¸µà¹ˆà¸”à¸µà¸—à¸µà¹ˆà¸ªà¸¸à¸”," à¸‚à¸±à¹‰à¸™à¸•à¸­à¸™à¹à¸£à¸à¸„à¸·à¸­à¹€à¸›à¸´à¸”à¹€à¸œà¸¢à¸¡à¸±à¸™à¸­à¸­à¸à¸¡à¸² à¹€à¸œà¸Šà¸´à¸à¸«à¸™à¹‰à¸²à¸à¸±à¸šà¸„à¸§à¸²à¸¡à¸„à¸´à¸” à¸­à¸²à¸£à¸¡à¸“à¹Œ à¹à¸¥à¸°à¸à¸¤à¸•à¸´à¸à¸£à¸£à¸¡à¸”à¹‰à¸§à¸¢à¸„à¸§à¸²à¸¡à¸•à¸±à¹‰à¸‡à¹ƒà¸ˆ à¸”à¹‰à¸§à¸¢à¸„à¸§à¸²à¸¡à¸­à¸¢à¸²à¸à¸£à¸¹à¹‰à¸­à¸¢à¸²à¸à¹€à¸«à¹‡à¸™ à¹à¸¥à¸°à¸„à¸§à¸²à¸¡à¹€à¸«à¹‡à¸™à¹ƒà¸ˆ 

 

[**gtrbetclub**](https://welikesexy.com/)

[**668dg**](https://welikesexy.com/)

[**à¸ªà¸¡à¸±à¸„à¸£à¸Ÿà¸£à¸µ**](https://welikesexy.com/)",1,1,Peepeez001
216,gjha6b,2020-05-14 07:03:32,funnyonlineclasses,6 Best Sex Swings &amp;amp; Slings Reviews 2020 [Ultimate Suspense &amp;amp; Pleasure],,0,1,seymourgorrilly
217,gj14px,2020-05-13 15:24:49,funnyonlineclasses,Professor Haunts Former Class(real) (scary),,2,1,jan_mike_vincent
218,gj11q7,2020-05-13 15:20:15,funnyonlineclasses,Undistanced (Unfriended Parody),[deleted],0,1,[deleted]
219,ghkrju,2020-05-11 10:02:19,funnyonlineclasses,YUP HOW WUD I KNOW??,,6,1,Fussboi247
220,gg63uy,2020-05-09 01:26:20,funnyonlineclasses,Custom backround,,1,1,FakeMan77
221,gfw0c7,2020-05-08 16:11:12,funnyonlineclasses,Just Quarintine Things ğŸ˜‚,,0,2,Koisers
222,gfm90p,2020-05-08 04:22:11,funnyonlineclasses,best tiktok compiliation in india 2020,,0,1,DARKCLASH2-o
223,geb5ji,2020-05-06 02:01:39,funnyonlineclasses,The mood in my classes be like.,,0,1,AYMANJOHNCHAMP
224,ge15bq,2020-05-05 16:39:16,funnyonlineclasses,"""Every Zoom Class"", a funny skit about online learning",,1,9,Bingo_Banzai
225,gdj9jm,2020-05-04 20:19:10,funnyonlineclasses,Ah yes,,0,1,DelfElf
226,gd89df,2020-05-04 09:14:40,funnyonlineclasses,The teacher was having difficulties with audio. She asked us how to fix it. She actually pressed it and got disconnected,,6,1,Fzjb
227,ga4weu,2020-04-29 07:21:09,funnyonlineclasses,This man is a legend,,19,1,PunchConservatives
228,g9t5zt,2020-04-28 18:57:31,funnyonlineclasses,hold my beer while I'm teleconferencing,,2,1,j4mesk
229,g9le0p,2020-04-28 11:17:33,funnyonlineclasses,F in online class,,1,1,AYMANJOHNCHAMP
230,g9fu5a,2020-04-28 03:36:39,funnyonlineclasses,All of my teachers posting my grades for this semester,,1,1,yallareshadyaf
231,g6627r,2020-04-22 18:05:05,funnyonlineclasses,Video Lecture,,0,1,Mtt76812
232,g5vfip,2020-04-22 05:33:47,funnyonlineclasses,The reason I canâ€™t learn online: in one photo,,0,1,stellachoo
233,g4rnk2,2020-04-20 12:11:23,funnyonlineclasses,The top image is someone with a gun,,0,1,ISubZeroI
234,g4n19b,2020-04-20 05:38:28,funnyonlineclasses,Only a matter of time,,2,1,_The_Bomb
235,g4j34q,2020-04-20 00:48:55,funnyonlineclasses,A title,,4,1,the_emerald_king
236,g3yyed,2020-04-19 01:15:48,funnyonlineclasses,Oh no,,9,3,Lucls
237,g3lm5c,2020-04-18 10:47:31,funnyonlineclasses,Piano teacher found out how to draw on screen and the rest is self explanatory,,3,1,Catac0
238,g3goke,2020-04-18 03:25:32,funnyonlineclasses,RIP,,6,24,c00ldude7099
239,g1hiu5,2020-04-15 00:34:48,funnyonlineclasses,An interesting title,[deleted],0,0,[deleted]
240,g1cllf,2020-04-14 19:54:22,funnyonlineclasses,"Cross post from r/funny, u/armaansaini",,0,4,j4mesk
241,g16yfm,2020-04-14 14:54:01,funnyonlineclasses,A Unique Title,,15,326,EngineeringConstant
242,g0ozg8,2020-04-13 18:44:29,funnyonlineclasses,I pranked my team with zoom live background.,,14,99,j4mesk
243,g0ajrk,2020-04-13 03:01:41,funnyonlineclasses,Iâ€™m Jozlyn,,55,192,jozzydan66
244,g036yu,2020-04-12 19:36:44,funnyonlineclasses,Teacher gettin wholesome. Dude sent the least amount of work.,[deleted],4,28,[deleted]
245,fynk0f,2020-04-10 20:04:17,funnyonlineclasses,Madlad,,1,1,Land_Caster2
246,fxz4b1,2020-04-09 19:40:06,funnyonlineclasses,Quarantine Dance also called Corona Dance while E-learning.,,0,1,Chillandhavefun1
247,fxxefh,2020-04-09 18:09:57,funnyonlineclasses,Post Flairs!,So weâ€™re currently working on throwing together some post flairs. Thereâ€™s a couple already available but I wanted to see what you guys could come up with. Comment some creative post flairs and you may just see it as an option in the near future!,1,1,Ambstudios
248,fxtac7,2020-04-09 14:22:22,funnyonlineclasses,Welcome to the sub! Please stop here first!,"Whatâ€™s up my fellow forced introverts!

Firstly 18.5K members in a matter of days? WOW! All of you, are awesome! Yes, by ""all"" I mean *You* too.

And most importantly ***this Subreddit does not promote disruption of live classes nor is reckless behavior appreciated for the only purpose of being posted here or anywhere else online.***

Remember:

1. Education is important
2. The Teachers/Professors are really stretching a limb out to make themselves available, and teaching accessible, even in these testing days.

Sabotaging something for mere entertainment is distasteful and highly immature. Do not indulge in any activity that would deliberately ruin the purpose of a collective exercise.

Be Advised everything has a limit, let us acknowledge and live by it.

I would love for the fellow members to raise any concerns that they may register in this comment section so it can be addressed and quite be promptly dealt with.

If itâ€™s something you feel needs immediate attention message one of us Mods, we will respond in a timely manner and make sure the problem is resolved

P.S. RULE 4 is not a Joke.

Stay Safe, wash your hands, wear a mask if you got it

Sincerely,
The Mods",1,1,Ambstudios
249,fxjisi,2020-04-09 01:47:44,funnyonlineclasses,Yup,,0,2,IchMagBrillen
250,fxi4jw,2020-04-09 00:16:50,funnyonlineclasses,Thereâ€™s always one,,1,1,Toxicturkey
251,fxcdfg,2020-04-08 18:54:27,funnyonlineclasses,They will never know,,11,5,j4mesk
252,fxab1m,2020-04-08 17:05:35,funnyonlineclasses,Teacher asks if we can hear the music,,2,1,sammyjojo1
253,fwyeru,2020-04-08 02:54:06,funnyonlineclasses,Zoom is pretty confusing for us,,1,1,ethaneyes21
254,fwlriq,2020-04-07 14:47:35,funnyonlineclasses,These virtual backgrounds are getting better.,,3,1,notilluminati3
255,fwldro,2020-04-07 14:23:51,funnyonlineclasses,Pass the Pup,,8,2,sabiuddin
256,fwk0cm,2020-04-07 12:54:39,funnyonlineclasses,Top 10 Coffin Dancing Meme Compilation!,,1,1,KingZGameR
257,fwc8xz,2020-04-07 02:25:58,funnyonlineclasses,PAY NO ATTENTION TO THE MAN BEHIND THE CURTAIN,,0,1,imsquare177
258,fw85o4,2020-04-06 22:10:26,funnyonlineclasses,Getting A Haircut During A College Orientation,,5,1,j4mesk
259,fw27ho,2020-04-06 16:50:17,funnyonlineclasses,"""thats really cool. cause my son does alot of anime""",,9,2,jaxonnbassettt
260,fvec9y,2020-04-05 14:17:08,funnyonlineclasses,Attack!,"Naushad Ali is inviting you to a scheduled Zoom meeting.

Topic: Naushad Ali's XII-B Electric Potential due to point charge
Time: Apr 6, 2020 09:50 AM Riyadh

Join Zoom Meeting
https://us04web.zoom.us/j/695779229?pwd=Yk5sOWlFRXVvcjBGUWFJc2g4L3gvQT09

Meeting ID: 695 779 229
Password: 001965",0,1,anonymoussss6969
261,fvdq10,2020-04-05 13:23:28,funnyonlineclasses,ONLINE CLASS.,"Imteyaz Ahmad Khan is inviting you to a scheduled Zoom meeting.

Topic: Imteyaz Ahmad Khan's Zoom Meeting(computer Science Class-XII-B)
Time: Apr 6, 2020 10:50 AM Riyadh

Join Zoom Meeting
https://us04web.zoom.us/j/6753418694?pwd=NlN5anM5NjRMT3R4OEVjVHVyWk40dz09

Meeting ID: 675 341 8694
Password: 885765",1,1,anonymoussss6969
262,fvdhu5,2020-04-05 13:05:41,funnyonlineclasses,I invite you guys to my online class and you know what to do....,"
Time: Apr 6, 2020   8 AM GMT

Join Zoom Meeting
https://us04web.zoom.us/j/183645372?pwd=TDh4QnBWM3pjV1F2ZkE0SWZmTE9JQT09

Meeting ID: 183 645 372
Password: 055609",2,1,Navakou
263,fv8j4j,2020-04-05 05:21:29,funnyonlineclasses,Online School Trolling Prank!,,0,1,ysfitnessofficial
264,fv8b4c,2020-04-05 05:03:46,funnyonlineclasses,Online School Trolling Prank!,,0,1,ysfitnessofficial
265,furb62,2020-04-04 10:18:31,funnyonlineclasses,From an online school trolling compilation video,,4,1,Emitex
266,fupjal,2020-04-04 07:40:41,funnyonlineclasses,"@itsdancrowd ""Today I made a Zoom background of myself accidentally walking in on myself in a Zoom meeting.""",,3,1,j4mesk
267,fuden6,2020-04-03 18:14:34,funnyonlineclasses,How to know sheâ€™s a cam girl.,,9,0,ZETA_RETICULI_
268,fu6uit,2020-04-03 11:36:16,funnyonlineclasses,Teaching but no one's listening,,24,1,djoko7
269,fu27v9,2020-04-03 05:06:50,funnyonlineclasses,This is just so fucking funny to me idk why,,4,1,BigWompz
270,ftwscy,2020-04-02 23:12:36,funnyonlineclasses,He is serious.,,3,1,djoko7
271,ftwo66,2020-04-02 23:05:42,funnyonlineclasses,I was just thinking about how respectful and good you guys have been,,0,1,Soared
272,ftuvd6,2020-04-02 21:22:55,funnyonlineclasses,Raid these google classrooms,Codes are 3n6u72h and zjadcfi use the phrase â€œno diptardâ€ to spam it,1,1,PEEPEEREDDIT
273,ftgoon,2020-04-02 05:32:21,funnyonlineclasses,Miles ripping the bong during zoom call,,0,1,Fifabeast07
274,ftgnxk,2020-04-02 05:30:38,funnyonlineclasses,Miles Ripping the Bong During Zoom Conference,,0,1,Fifabeast07
275,ft5bby,2020-04-01 18:10:11,funnyonlineclasses,Found this on one of my online classes,,1,1,lord_z9
276,ft2krf,2020-04-01 16:05:30,funnyonlineclasses,Class Time is Bath Time,,7,1,thepuma50
277,ft1inh,2020-04-01 15:09:31,funnyonlineclasses,This reminds me of another meme,,3,1,_Saskas_
278,ft1ezj,2020-04-01 15:04:03,funnyonlineclasses,Teacher apologizes for forgetting to include her political views when she made the PowerPoint,,0,1,drewbltz
279,fsyx6k,2020-04-01 12:33:49,funnyonlineclasses,My friends from high school in the background,,23,1,djoko7
280,fsy6pb,2020-04-01 11:41:38,funnyonlineclasses,Compilation,,0,1,Reps_alt
281,fsxjh9,2020-04-01 10:50:27,funnyonlineclasses,Relaxxx nick,,4,1,URDaddY2112
282,fsvuu1,2020-04-01 08:34:20,funnyonlineclasses,"""Fuck""",,0,1,seanschranz
283,fsr5wl,2020-04-01 02:50:06,funnyonlineclasses,Available classes,"Does anyone have a online class that 
I can join",1,1,Time-Strength
284,fsnti1,2020-03-31 23:21:55,funnyonlineclasses,Damn Samantha,,4,5,PBandJaya
285,fske95,2020-03-31 20:17:20,funnyonlineclasses,Zoom Professor deletes system32,,6,6,purplegalaxian
286,fsfmtu,2020-03-31 16:07:42,funnyonlineclasses,From r/thisismylifenow,,0,1,InHoomanWasTaken
287,fseiib,2020-03-31 15:06:59,funnyonlineclasses,Online Flash Mob Assignment,My art professor gave us the assignment to come up with an online flash mob idea for us all to perform together (class of &lt;20). Wondering if anyone knows a website or place where people post open zoom class links that we could join for a few minutes to cause a disruption. Needs to be a website or source that constantly has new links uploaded so we have flexibility of where and when to join. Thanks so much,6,1,SirBlubbernaut
288,fscp1o,2020-03-31 13:14:19,funnyonlineclasses,"So, do online classes benefit your educations? [take 2]","I made another one because people wanted more options to choose from

[View Poll](https://www.reddit.com/poll/fscp1o)",6,1,_chocolatemango
289,fsaxjv,2020-03-31 11:00:16,funnyonlineclasses,Potato boss,,3,1,imsquare177
290,fs81eh,2020-03-31 06:42:53,funnyonlineclasses,Zoom code server. Always active!,https://discord.gg/qBq6tDK,0,1,RobinGhotraNoob
291,fs61q0,2020-03-31 04:04:25,funnyonlineclasses,Why online classes wont work in India,,4,1,AXE555
292,frv2m0,2020-03-30 17:27:10,funnyonlineclasses,X-post from r/Milwaukee. Credit to u/hauloff who is taking the online class,,0,1,tosaraider
293,frui49,2020-03-30 16:57:23,funnyonlineclasses,Are your online classes benefitting your education in any way?,"

[View Poll](https://www.reddit.com/poll/frui49)",4,1,_chocolatemango
294,frsj37,2020-03-30 15:10:51,funnyonlineclasses,My man tried to set a soccer stadium as background but it looked like a watermelon hat,,7,1,MonotonousProtocol
295,frq4pf,2020-03-30 12:45:29,funnyonlineclasses,Let's Get Physical.,,1,1,dhruvramdev
296,frps6n,2020-03-30 12:21:04,funnyonlineclasses,How many people can we get to try this then?,,7,1,_chocolatemango
297,frprzb,2020-03-30 12:20:37,funnyonlineclasses,So sad we wonâ€™t get prom :(,,0,1,_chocolatemango
298,fro3ny,2020-03-30 10:10:06,funnyonlineclasses,A pretty fun first class,,1,1,giantgingerbreadman
299,frmacu,2020-03-30 07:22:03,funnyonlineclasses,Can someone give me a zoom code plz,,0,1,kingboy911
300,frm74n,2020-03-30 07:13:31,funnyonlineclasses,When you have to cook lunch while having an online class,,1,1,superquanganh
301,frm5o0,2020-03-30 07:09:59,funnyonlineclasses,Wagwan sir,,2,1,jovijovi99
302,frm1dm,2020-03-30 06:59:37,funnyonlineclasses,Wagwan sir,,0,1,jovijovi99
303,frkpb5,2020-03-30 05:06:20,funnyonlineclasses,Busty,,44,1,BrandonTheStoner
304,frccvc,2020-03-29 20:10:18,funnyonlineclasses,READY FOR ONLINE CLASSES TMR,,1,2,Katakorak
305,frbrbw,2020-03-29 19:36:00,funnyonlineclasses,Letâ€™s do a poll,"best subreddit

[View Poll](https://www.reddit.com/poll/frbrbw)",1,1,iiCheatr
306,fra3zc,2020-03-29 18:00:28,funnyonlineclasses,When your anatomy classes go online,,2,5,tomyan112
307,fr42ly,2020-03-29 10:47:59,funnyonlineclasses,Girl swears in my class,,2,1,IM-A-BANANAA
308,fr0b63,2020-03-29 05:04:28,funnyonlineclasses,These Nelk posts are just dumb and disrespectful honestly.,Can this sub just ban people posting about this idiot? It's not even funny at all.,6,1,Defenseless_squirrel
309,fqttzb,2020-03-28 22:13:12,funnyonlineclasses,Is Thompson napping or dead?,,5,4,elimartz
310,fqsepc,2020-03-28 20:58:09,funnyonlineclasses,Actual math teacher recording and teaching math in Half-Life : Alyx,,3,6,RedKeviin
311,fqsd0s,2020-03-28 20:55:34,funnyonlineclasses,discord for links,[https://discord.gg/Qfeqrfv](https://discord.gg/Qfeqrfv),3,1,whattherel
312,fqrt4b,2020-03-28 20:26:34,funnyonlineclasses,Subreddit for posting zoom links for others to join.,"There's now a subreddit for sharing links of your own class so others can join and make it a little bit funnier if necessary:

r/zoompranks",3,5,Zarkex01
313,fqriiv,2020-03-28 20:11:01,funnyonlineclasses,Madlad,,1,3,dpanchal14
314,fqr42w,2020-03-28 19:50:09,funnyonlineclasses,Me and the boys,,2,3,official_Canadian
315,fqq7h4,2020-03-28 19:01:18,funnyonlineclasses,Profâ€™s girlfriend called and informed all of us over speaker that their puppies shit everywhere..,,0,5,booboo-the-fool
316,fqq4xl,2020-03-28 18:57:34,funnyonlineclasses,Office background,,0,4,FoodMakesMeWet
317,fqpo6q,2020-03-28 18:32:56,funnyonlineclasses,My teacher is loving my rgb (sorry for quality),,7,7,Castreren
318,fqpm7o,2020-03-28 18:29:56,funnyonlineclasses,Me messing with my economy teacher (language is Dutch),[deleted],0,1,[deleted]
319,fqoq8l,2020-03-28 17:43:23,funnyonlineclasses,Heâ€™s Miles High Right Now,,4,12,isola2000
320,fqopm8,2020-03-28 17:42:28,funnyonlineclasses,Heâ€™s Miles High Right Now,[deleted],0,1,[deleted]
321,fqneou,2020-03-28 16:31:53,funnyonlineclasses,"Day drinking and slacking off, I got a quick glimpse of the rest of my semester",,0,2,krakenbum
322,fqma5k,2020-03-28 15:30:36,funnyonlineclasses,Hey professors,,3,1,jeremyshroeder
323,fqltf0,2020-03-28 15:05:07,funnyonlineclasses,Professor didn't even realize while teaching class.,,5,1,Defender_of_TheSauce
324,fqlqhy,2020-03-28 15:00:35,funnyonlineclasses,"PSA: Teachers and Professors, use these settings to reduce your risk of being ""Zoombombed""",,7,1,Doctor_Leo_Marvin
325,fql6xs,2020-03-28 14:29:47,funnyonlineclasses,â€œLetâ€™s make sure everybody has clothes onâ€,,0,1,wlcometothehumanrace
326,fql0l8,2020-03-28 14:19:37,funnyonlineclasses,Idk if this has been posted yet,,0,1,wlcometothehumanrace
327,fqkv4r,2020-03-28 14:10:39,funnyonlineclasses,Teach got a question,,4,1,solutoh
328,fqkuz4,2020-03-28 14:10:22,funnyonlineclasses,I want to be able to attend my Zoom classes with JFK's face or some shit. Is there software for that?,,4,1,OnceInvincible
329,fqksp2,2020-03-28 14:06:48,funnyonlineclasses,Meanwhile in Poland,,13,1,vesp_paradox
330,fqkqe9,2020-03-28 14:03:04,funnyonlineclasses,I think she just ended racism ğŸ˜³,,1,1,jovijovi99
331,fqkn9r,2020-03-28 13:58:06,funnyonlineclasses,Don't be like Samantha,,17,1,solutoh
332,fqkj9j,2020-03-28 13:51:11,funnyonlineclasses,I think she just ended racism ğŸ˜³,,0,1,jovijovi99
333,fqkegb,2020-03-28 13:42:36,funnyonlineclasses,How can you do that funny background in online classes tho? I have Microsoft Classes but no greenscreen?,,6,1,Sybkeuhx
334,fqkdvl,2020-03-28 13:41:39,funnyonlineclasses,Statistics,"At this point, there are 36 video posts, and 9 text posts.",1,1,tatboiinthelane
335,fqka05,2020-03-28 13:35:01,funnyonlineclasses,Interesting background,,1,1,djoko7
336,fqjuiw,2020-03-28 13:06:45,funnyonlineclasses,Man with no clothes on,,0,1,Toast-is-a-vegatable
337,fqjftr,2020-03-28 12:39:05,funnyonlineclasses,Bald kid,,0,1,turki04lol
338,fqjbx0,2020-03-28 12:31:39,funnyonlineclasses,Just a quick PSA,"Itâ€™s called funny online classes, not â€œlook at me being an asshole and disrupting the class with hard porn or insulting the teacher over the internetâ€ online classes",13,1,nyayylmeow
339,fqj5bj,2020-03-28 12:18:24,funnyonlineclasses,This is the greatest fucking thing to ever come out of a global pandemic ğŸ˜‚,,1,1,BosnianHD
340,fqj191,2020-03-28 12:10:49,funnyonlineclasses,Disclaimer,"Hello fellow earthlings,

Firstly 9.7K members in a matter of hours? WOW! All of you, are awesome! Yes, by ""all"" I mean *You* too.

And most importantly ***this Subreddit does not promote disruption of live classes nor is reckless behavior appreciated for the only purpose of being posted here or anywhere else online.***

Remember:

1. Education is important
2. The Teachers/Professors are really stretching a limb out to make themselves available, and teaching accessible, even in these testing days.

Sabotaging something for mere entertainment is distasteful and highly immature. Do not indulge in any activity that would deliberately ruin the purpose of a collective exercise.

Be Advised everything has a limit, let us acknowledge and live by it.

I would love for the fellow members to raise any concerns that they may register in this comment section so it can be addressed and quite be promptly dealt with.

P.S. RULE 3 is not a Joke.

Stay Safe

Batman out.",3,1,Batman-ing
341,fqimjt,2020-03-28 11:41:48,funnyonlineclasses,"homie said ""venezuelan dictator""",,0,1,Venez7
342,fqidq9,2020-03-28 11:23:47,funnyonlineclasses,She is surprisingly calm,,0,1,Aware_Ideal
343,fqi1nv,2020-03-28 10:59:20,funnyonlineclasses,This Indian teacher has a request to laden and mia khalifa.,,3,1,DangerousRing0
344,fqi0qi,2020-03-28 10:57:29,funnyonlineclasses,Just plain disturbing,,9,1,ginowup
345,fqhlqo,2020-03-28 10:27:11,funnyonlineclasses,Conte in class,,5,1,OrangeXarot
346,fqhjm9,2020-03-28 10:22:32,funnyonlineclasses,I am so grateful to have found this sub in its infancy. this is a lane in internet videos almost no one saw coming... but we are all so happy it did when discovering it. INB4 top sub on Reddit,"you saw the title folks, in fact if you are anything like me: you voted completely based on it. 
 
There is nothing of substance to be found in this body, but look around you in this sub... you are witnessing the birth of something great.",15,1,3internet5u
347,fqhajx,2020-03-28 10:04:06,funnyonlineclasses,Why I've seen zero people with pewdiepie's room as a background?,,51,1,strmichal
348,fqh9xd,2020-03-28 10:02:40,funnyonlineclasses,w o a h,,23,1,my-dog-is-a-bitch
349,fqh4yu,2020-03-28 09:51:29,funnyonlineclasses,Nice hat collection,,1,1,Chanterpanter18
350,fqh02l,2020-03-28 09:39:40,funnyonlineclasses,Marcus getting creative,,25,1,Petery007
351,fqgz0p,2020-03-28 09:37:06,funnyonlineclasses,Gabriel You Need To STOP,,15,1,isola2000
352,fqgye9,2020-03-28 09:35:21,funnyonlineclasses,Online maths class sketch,,1,1,initium_novum1
353,fqgwzq,2020-03-28 09:31:45,funnyonlineclasses,There was definitely an activated complex,,3,1,j4mesk
354,fqgwik,2020-03-28 09:30:28,funnyonlineclasses,A fire alarm in the middle of the class,,11,1,mattajoh
355,fqgwh2,2020-03-28 09:30:19,funnyonlineclasses,Was there anything I missed?,,27,1,j4mesk
356,fqgw9l,2020-03-28 09:29:48,funnyonlineclasses,Got her good,,9,1,jovijovi99
357,fqgrau,2020-03-28 09:16:27,funnyonlineclasses,Stfu mom I'll wash my whites after class,,44,1,j4mesk
358,fqgjes,2020-03-28 08:56:55,funnyonlineclasses,Nelk just Nelking,,3,1,rex2oo9
359,fqgbhq,2020-03-28 08:35:47,funnyonlineclasses,Avicii ğŸ˜•,,5,1,j4mesk
360,fqfyg4,2020-03-28 08:02:33,funnyonlineclasses,online classes are hindering my ability to learn sir,,14,1,erdojean
361,fqfqpr,2020-03-28 07:43:37,funnyonlineclasses,More disruptive than anything. Professor couldn't figure out how to kick them out so class just ended early.,,56,1,c-peg
362,fqfp7r,2020-03-28 07:40:07,funnyonlineclasses,interesting choice,,8,1,HalfMoon113
363,fqfoje,2020-03-28 07:38:27,funnyonlineclasses,Random kid joins and flashes the class some content,,40,1,Parrdox
364,fqf903,2020-03-28 07:00:39,funnyonlineclasses,uh,,31,1,czoey11
365,fqf8x7,2020-03-28 07:00:27,funnyonlineclasses,Donâ€™t be like Jennifer,,233,1,DahPhuzz
366,fqf8hn,2020-03-28 06:59:27,funnyonlineclasses,haha no mods,haha mods asleep,4,1,QuesotaC_O
367,fqf7bp,2020-03-28 06:56:50,funnyonlineclasses,the,,8,1,ryand1522
368,fqf6cx,2020-03-28 06:54:26,funnyonlineclasses,NAH I'M WITH MY FUCKING AP CALC CLASS,,13,1,RobinGhotraNoob
369,fqf5w9,2020-03-28 06:53:17,funnyonlineclasses,2nd day into online school ğŸ’€ğŸ’€,,49,1,jaxonnbassettt
370,fqezxa,2020-03-28 06:39:24,funnyonlineclasses,V,,3,1,GayJonahJameson
371,fqewbo,2020-03-28 06:30:49,funnyonlineclasses,low quality,,3,1,MeatballDreemurr
372,fqer54,2020-03-28 06:18:59,funnyonlineclasses,Student has an important question for the professor,,29,1,veztron
373,fqei94,2020-03-28 05:59:34,funnyonlineclasses,Tried to cheer up my classmates a little.,,30,1,Swagged_Out_Custar
374,fqebcz,2020-03-28 05:44:03,funnyonlineclasses,Seth being seth,,25,1,Batman-ing
